datasets-punishment-reckless-sex,google sheet,https://docs.google.com/spreadsheets/d/1R8y1tO6RCbwnGfV7g_O0tv2bcAaqR3asa2Dymipt1SE/edit?usp=sharing
datasets-punishment-us-dv-ncsc,google sheet,https://docs.google.com/spreadsheets/d/1u0hSl93rYbM8YhMvepi2TW-geLi-csWvZjcuplkvAuw/edit?usp=sharing
datasets-punishment-us-dv-nj,google sheet,https://docs.google.com/spreadsheets/d/1A5eKps5SyQSP27aKGDZpX-xXVZeP7FjDRXmegNdU4aE/edit?usp=sharing
datasets-punishment-us-dv-ny,google sheet,https://docs.google.com/spreadsheets/d/1v5nga1jkUk8GGfrgjObSnZc-lE3m7r4icnKbqZ60Nas/edit?usp=sharing
datasets-victims-fatalities,google sheet,https://docs.google.com/spreadsheets/d/16GoiEbSxGsywVVOQ034HKrSN_UPOYu9Hw9NCmB0-Y0s/edit?usp=sharing
datasets-victims-injuries-nhamcs,google sheet,https://docs.google.com/spreadsheets/d/1EpEtvuUQGBGeFzhmEFGAmam2M8yTFRuyH2IK3UVAHl4/edit?usp=sharing
datasets-victims-criminalization,google sheet,https://docs.google.com/spreadsheets/d/1JeHUrkILK43KNXQgIjJImA2EPzmziX2ylJBJI8nh_M8/edit?usp=sharing
datasets-victims-injuries-dv,google sheet,https://docs.google.com/spreadsheets/d/1LNjJKMVZGJPrmqt2WQuLOzun8TWAW-ea3MwlumDd_Jo/edit?usp=sharing
datasets-punishment-us-dv-ca,google sheet,https://docs.google.com/spreadsheets/d/15c-tRzu8y0vAa1gptd-d-K3GO3fBb24u3MbJkPG_9uc/edit?usp=sharing
datasets-punishment-us-dv-legislation,google sheet,https://docs.google.com/spreadsheets/d/18sjZEXdUKub-mFmLadhcryN2p7NAnR3EeNsy2oytbRY/edit?usp=sharing
datasets-punishment-us-dv-ct,google sheet,https://docs.google.com/spreadsheets/d/1tYBTsF7-px-3lCnBFOolTdj5KbTb9SaJ4_gGf5ADiVA/edit?usp=sharing
datasets-punishment-us-dv-dual-arrests,google sheet,https://docs.google.com/spreadsheets/d/1xVLB1FrIouFSZZVpHI8NFdfksBzaL-tOjXxdJKsKWhM/edit?usp=sharing
datasets-punishment-us-dv-ak,google sheet,https://docs.google.com/spreadsheets/d/1Umg3hWiKCnqTPmNzJg5r0b6TEMaWYpkSw6Yr2uPeC_Y/edit?usp=sharing
datasets-punishment-us,google sheet,https://docs.google.com/spreadsheets/d/1XhnG67jH2UosmcdwpeFcq93DZo4zaTSEz7lsyxesdlE/edit?usp=sharing
datasets-punishment-scotland-long-run,google sheet,https://docs.google.com/spreadsheets/d/1CZVs0UFv8puLZ29e_wAbpxW4pfAqpe8HuX0uBQU1owQ/edit?usp=sharing
datasets-punishment-sex-reform,google sheet,https://docs.google.com/spreadsheets/d/1epxY_e7lAk4K--BiiHNn8UlWuF5t1vT-kF6g85bNUtA/edit?usp=sharing
datasets-punishment-us-dv-basile-study,google sheet,https://docs.google.com/spreadsheets/d/14EK7Z-F_GWcNi3ew5_HA9X2z3ilgied5LVXCBCFyakk/edit?usp=sharing
datasets-punishment-us-dv-arrests,google sheet,https://docs.google.com/spreadsheets/d/1IzmdoysFei4faoYb3irecuDfoQItQothfxxjBfZN5rA/edit?usp=sharing
datasets-prisoners-us-fed-state-1940,google sheet,https://docs.google.com/spreadsheets/d/1sI2EoxhhaHxrxtPKOKXXfyBDXHmmp4wheEbjQMY6Gng/edit?usp=sharing
datasets-prisoners-us-offenses-1970-1997,google sheet,https://docs.google.com/spreadsheets/d/1yhWfjAb-In2Nw_WB6bOUyrZ9G52WZoeeEFeIBU25050/edit?usp=sharing
datasets-prisoners-world-2003-2010,google sheet,https://docs.google.com/spreadsheets/d/14dsNnZEr1trsXHxJaLTxJgtL7wEQvgZYP9UuIeRc-Uw/edit?usp=sharing
datasets-prisoners-us-judges-2010,google sheet,https://docs.google.com/spreadsheets/d/1Frx_DeUq5wX76XXASardUz8YBia-OvJCwlRCEsE1ZTk/edit?usp=sharing
datasets-prisoners-us-state-sex-panel,google sheet,https://docs.google.com/spreadsheets/d/1V4_0T_lJPVBhKuMirhXncjWMI3C6crHgcD84qv1Y2JY/edit?usp=sharing
datasets-punishment-australia,google sheet,https://docs.google.com/spreadsheets/d/1Tl6OLqy-YhnPf5JvyiaFcBFs97hKkjkZKONrAW06Id0/edit?usp=sharing
datasets-punishment-england-wales-long-run,google sheet,https://docs.google.com/spreadsheets/d/1ijx9x2_mTW6-GC1RMbvttJV7eg4BA0coDCRgclQu4Os/edit?usp=sharing
datasets-punishment-england-wales-old-bailey,google sheet,https://docs.google.com/spreadsheets/d/1kMHe4qLFh25eknjWutFImSewWPywvxXlTGEFRtQTO-w/edit?usp=sharing
datasets-punishment-executions-statements-meals,google sheet,https://docs.google.com/spreadsheets/d/1RF-0BkAVaWwWTlQdkswsfQFmq1x1N4xWL6cHAytuydE/edit?usp=sharing
datasets-prisoners-us-media-use,google sheet,https://docs.google.com/spreadsheets/d/1Eqox3W3Yg8cvUhQoNf22nMaQzscNHdPFRfw-b4t-3Lw/edit?usp=sharing
datasets-victims-injuries-causes,google sheet,https://docs.google.com/spreadsheets/d/16oWDrrlVVlKYw0t9ybdTMXWBjIfhrkZ9ZhMJh6MojiU/edit?usp=sharing
datasets-victims-dv-ncvs,google sheet,https://docs.google.com/spreadsheets/d/1fOR9LNmLJE_lL8_J7Z0F05c3NPCqI2DVD449I-4uZnc/edit?usp=sharing
datasets-victims-dv-homicide-suicide,google sheet,https://docs.google.com/spreadsheets/d/1kRS4Rzdp7CZxx8IJ3jO5iXaCuCbd6ufPe8tn9dxMi2A/edit?usp=sharing
datasets-victims-agencies-dv,google sheet,https://docs.google.com/spreadsheets/d/1Iq5ViA6HNaS0VzKZODFKmXhyubfsy4CpUFDBDzrgFGs/edit?usp=sharing
datasets-transported-uk-australia,google sheet,https://docs.google.com/spreadsheets/d/1fM_wSmCFny9YPbiI6j9v18YHwCCbCDeq7xVJbTs4_NI/edit?usp=sharing
datasets-transported-england-wales-america,google sheet,https://docs.google.com/spreadsheets/d/152rR8MweRsWMN18fFXmfD9wzkJ8kpxIucP7uGmYcJPo/edit?usp=sharing
datasets-state-prisons-cells-prisoners-1868-1873,google sheet,https://docs.google.com/spreadsheets/d/1G36zuN70Is_Arfr-JjLxFl2_DqTCx9iuBDUGBrFQ90Y/edit?usp=sharing
datasets-punishment-us-restraining-inmates,google sheet,https://docs.google.com/spreadsheets/d/1EiIkVsieUfmdsu6g7ft-c6kY7AnDuBd8IQ1de4U9iZc/edit?usp=sharing
datasets-punishment-us-dv-tn,google sheet,https://docs.google.com/spreadsheets/d/1THLZ_BFChSyhtf_7hHcuFnV6rJ9Z00iyNnjEvryEYbk/edit?usp=sharing
datasets-punishment-us-dv-synth,google sheet,https://docs.google.com/spreadsheets/d/19mjVBERri24sKPVqhRA_BAOq400CZd-njh3KVverE48/edit?usp=sharing
datasets-punishment-us-dv-states,google sheet,https://docs.google.com/spreadsheets/d/1LgVZXc0wVdclj9Gkr_fZWujavaBsl2crwARj6JoUX3A/edit?usp=sharing
datasets-punishment-us-dv-ri,google sheet,https://docs.google.com/spreadsheets/d/1A_pWsGgpbmj3UYEEDOwnHyD2NRep-o-hUSevZuyfdQQ/edit?usp=sharing
datasets-punishment-us-dv-policy-trend,google sheet,https://docs.google.com/spreadsheets/d/1P4dEYMBSpxCROjhXVfH04FWz7GvJ26-Z9FeTymKbFtQ/edit?usp=sharing
datasets-prisoners-us-population-deaths-1820-43,google sheet,https://docs.google.com/spreadsheets/d/1Cjy3kYOphd9bh8cWYAT2YMuIHa3JAtFyNPmTnYUoE5w/edit?usp=sharing
datasets-prisoners-us-long-run-summary,google sheet,https://docs.google.com/spreadsheets/d/16T_GA1AdROaWb2poWP-n7MQVNZMAZZ2hr0_aBytRRJ8/edit?usp=sharing
datasets-prisoners-us-from-1900,google sheet,https://docs.google.com/spreadsheets/d/1ewxp9zA52aoiN57oX6wofVo8vPdcV3plEChSJJh63YI/edit?usp=sharing
datasets-prisoners-us-commitments-sex,google sheet,https://docs.google.com/spreadsheets/d/1IVXbKaE-NkWiOmHb04nCWmpEDzzvr15d6VngvNvS8fA/edit?usp=sharing
datasets-prisoners-us-19th-century,google sheet,https://docs.google.com/spreadsheets/d/1CGjg-YNyLjSLQSRliWS7Mjs281kQfqdwhS9sYt5hrKA/edit?usp=sharing
datasets-prisoners-spectators,google sheet,https://docs.google.com/spreadsheets/d/1TviBqfyvM3GKa9CFo0OCeN2ZfryrrHGhgtDi74HyLnM/edit?usp=sharing
datasets-prisoners-scotland-from-1840,google sheet,https://docs.google.com/spreadsheets/d/12ckcSwrR9jBTtlxdGbvJY94pRbG7DevesdNXNdSTiYk/edit?usp=sharing
datasets-prisoners-scotland-1820,google sheet,https://docs.google.com/spreadsheets/d/1mFdJNNp6W6LijWfIGPWiKs1HW07hAla5tkhbBajnVMM/edit?usp=sharing
datasets-prisoners-press,google sheet,https://docs.google.com/spreadsheets/d/10NrjX7Ep3TnixPD_l4vM0oVGyHKdGsMvSBhXOFGGVOM/edit?usp=sharing
datasets-prisoners-interaction,google sheet,https://docs.google.com/spreadsheets/d/19KInmyCZjG0J55Nu4UCF-CeYKmPA8gGwihpO0dYICiE/edit?usp=sharing
datasets-prisoners-england-wales-long-run,google sheet,https://docs.google.com/spreadsheets/d/1fvpH1wu8TbJ93H6Mk2eisD7QqbEGssa8EdGwH_3eqMA/edit?usp=sharing
datasets-prisoners-england-wales-london-pre-1850,google sheet,https://docs.google.com/spreadsheets/d/1ExiMgwJM9OeXhNjKp0WPVM7FJyU7lv8txC_Kz6_LSEQ/edit?usp=sharing
datasets-prisoners-england-wales-london-1779-1850,google sheet,https://docs.google.com/spreadsheets/d/1EoITe3BVuv6LScTACwmum7-Nro0auPIbUhpWCGge4Tg/edit?usp=sharing
datasets-prisoners-england-wales-hulks,google sheet,https://docs.google.com/spreadsheets/d/12UlnN3cmsT9gA6zFJMqweZQaLVIbkkqMdHxChst1C_A/edit?usp=sharing
datasets-prisoners-england-wales-debtors-pre-1775,google sheet,https://docs.google.com/spreadsheets/d/1sKS1BHAN7v9VFKJMOb6O6WWjjnQ5hvU1Biv6ThIbJwQ/edit?usp=sharing
datasets-prisoners-england-wales-debtors-1800,google sheet,https://docs.google.com/spreadsheets/d/1IomPHMNnciDKXUfGKQi1NYfrsBK9a8ffRVUpUlI3QPA/edit?usp=sharing
datasets-prisoners-england-wales-counties-1780-1850,google sheet,https://docs.google.com/spreadsheets/d/1tLsHkFWLnGt-1ihA9OWX0knnoQth5eGw82lVrfMK9FQ/edit?usp=sharing
datasets-prisoners-england-wales-commitments-1805-6,google sheet,https://docs.google.com/spreadsheets/d/1h5aLwcuJo57vZhzgyB61cQJqmltlFrDfj3w6S_k43wI/edit?usp=sharing
datasets-prisoners-england-wales-1892,google sheet,https://docs.google.com/spreadsheets/d/1fafnuWoxvds7p1v6IACzyMS_VR6IGWh5XJyuyHFdgVo/edit?usp=sharing
datasets-prisoners-england-wales-1864,google sheet,https://docs.google.com/spreadsheets/d/1WXofn9JPLleE6PduCWBdJ9coZrCq7Lx2dPA5EublTNA/edit?usp=sharing
datasets-prisoners-england-wales-1850,google sheet,https://docs.google.com/spreadsheets/d/1mY-jPocOI_IVJIOSaNnSjfQyAU-Vv1xfdhyChT3FWhk/edit?usp=sharing
datasets-prisoners-england-wales-1840,google sheet,https://docs.google.com/spreadsheets/d/1XcusHEV_ilcNtCsr4LDKtuuX6CAMY6sy-tD02eGheTA/edit?usp=sharing
datasets-prisoners-england-wales-1838,google sheet,https://docs.google.com/spreadsheets/d/1Exg05wMVQycy5krNGeO36AaHBbKC9Sg_0cPsbEfiVe0/edit?usp=sharing
datasets-prisoners-england-wales-1836,google sheet,https://docs.google.com/spreadsheets/d/1cNnA1LRfDEiaJen5om4877nX6_HGWAx2Qayauy5cVk8/edit?usp=sharing
datasets-prisoners-england-wales-1830,google sheet,https://docs.google.com/spreadsheets/d/1klaA-TqHm_3Mra1iXmsGux11ddyVXW7pWFp7Ls0vOnU/edit?usp=sharing
datasets-prisoners-england-wales-1823,google sheet,https://docs.google.com/spreadsheets/d/1VsTM_7BLdJyro-7shJahMC4cUkKk5VLMtxTrxlxoA-A/edit?usp=sharing
datasets-prisoners-england-wales-1820,google sheet,https://docs.google.com/spreadsheets/d/1jsrUH3hSE6caG-dj3XU0gy7z201jhDap4GZr9htI5cI/edit?usp=sharing
datasets-prisoners-england-wales-1810,google sheet,https://docs.google.com/spreadsheets/d/1_s0styjKcjtCHVMJNXR3tHbH7DBuhwNFoNYeel3RC1g/edit?usp=sharing
datasets-prisoners-england-wales-1800,google sheet,https://docs.google.com/spreadsheets/d/1C-0gU6gQqxUifABlM20AD7InDCsDz2x5USzt8mGbcXU/edit?usp=sharing
datasets-prisoners-england-wales-1780,google sheet,https://docs.google.com/spreadsheets/d/1uGtzA96wJKUgmbDsuYNPv1wsFPtE9n-CQtxSDZIuROc/edit?usp=sharing
datasets-prisoners-australia,google sheet,https://docs.google.com/spreadsheets/d/1DigI4ayK0AnMS0_SV1s70K8i5AAii2G8NRBP5z3A5Ds/edit?usp=sharing
datasets-prisoner-communication-mid-19th-century,google sheet,https://docs.google.com/spreadsheets/d/1tAoa7ui_Ur69z8heFaQ_vqqBZx0ovVrlSt1rOymFk8Q/edit?usp=sharing
datasets-prisoner-communication-late-20th-century,google sheet,https://docs.google.com/spreadsheets/d/1JCuvC_-DWx7nrazEeUOsCCzmgByc75V7Ubq-eoe11Pg/edit?usp=sharing
datasets-prisoner-communication-early-20th-century,google sheet,https://docs.google.com/spreadsheets/d/1NZ-NPJJQrRNW8Ak_Cn-MZ5aEHzUmrxYWclrUj8NWnVk/edit?usp=sharing
datasets-population-us,google sheet,https://docs.google.com/spreadsheets/d/1S8-nnzLcoqJ-qzKzVXhmXT1RjYPnQ30a08oeKFrfiHY/edit?usp=sharing
datasets-population-england-wales,google sheet,https://docs.google.com/spreadsheets/d/17TIvcuwkA4baD0m-eHwtpNmp7izjRBhtQFroBo2Ucto/edit?usp=sharing
datasets-population-australia,google sheet,https://docs.google.com/spreadsheets/d/1yleYrYQHX_CeKNca07OrjIrGQC9oGsWoEuR965XXYvc/edit?usp=sharing
datasets-parole-prisoners-communication,google sheet,https://docs.google.com/spreadsheets/d/1kA8jyllFljHAG8V7UPuVLdqzgyTSBuaFETpeKgrBLAI/edit?usp=sharing
datasets-military-service-uk,google sheet,https://docs.google.com/spreadsheets/d/1FeRVC9Nrb406d02ugbTjUSmKLbPxPhpCrKUCMJgpkR8/edit?usp=sharing
datasets-manifest-admin,google sheet,https://docs.google.com/spreadsheets/d/139myxUfwDqTtmdIpdGihmDF3eQojipamctnYRceJEag/edit?usp=sharing
datasets-libraries-public-books-before-1940,google sheet,https://docs.google.com/spreadsheets/d/1ZBhLM8114VorSwKZ8W1T44vczmBM4OyM5AViXaEmzdY/edit?usp=sharing
datasets-libraries-prisons-books-before-1900,google sheet,https://docs.google.com/spreadsheets/d/1QkyAgUVWI1NBuTXa-3Odw0AfQORh6ap9YS9dq1xBn1U/edit?usp=sharing
datasets-libraries-prisons-books-ala-1933,google sheet,https://docs.google.com/spreadsheets/d/18_ZXl0oxNo32JgJpJ9IIZbJrbp0R-uYtfOcVh8u3_ug/edit?usp=sharing
datasets-libraries-prisons-before-1940,google sheet,https://docs.google.com/spreadsheets/d/1G-jbaMfmnQWfkEsU8PZnKIqGPft0mJtirpU1XhhGPw0/edit?usp=sharing
datasets-libraries-prisons-after-1980,google sheet,https://docs.google.com/spreadsheets/d/1KWYLwarJu-ZEjxGQNVpRaOe30UziivEY5lIpc6KxScM/edit?usp=sharing
datasets-libraries-prisons-1940-1980,google sheet,https://docs.google.com/spreadsheets/d/10FHhZJnNQlu8wFsXFpccPTvarGEYxiSa8tGElPWes9g/edit?usp=sharing
datasets-howard-prison-visits,google sheet,https://docs.google.com/spreadsheets/d/1iAUlxihD5rQVqIMF9WVTTV4Qfu07fyfoljTNf-Q6NMM/edit?usp=sharing
datasets-frankenstein-feelings-comparison,google sheet,https://docs.google.com/spreadsheets/d/18vpjvSIfN1479zRNVe4ohgrqU7emN7r_5J6nngAbaVw/edit?usp=sharing
datasets-feature-film-characteristics,google sheet,https://docs.google.com/spreadsheets/d/1XhwoOo3-tUsJVe20JM9MieIGvbBG_EwZvedCj6U-wOI/edit?usp=sharing
datasets-executions-us,google sheet,https://docs.google.com/spreadsheets/d/1zMY2OI_4OX2-4btRnJpy7rhZzM-UxdC7W1h7Q4QcF48/edit?usp=sharing
datasets-executions-scotland-from-1800,google sheet,https://docs.google.com/spreadsheets/d/1IGKY7M_yf46I1CJQwGkNP9BrPVyHjLenWI2GrZLB4Zk/edit?usp=sharing
datasets-executions-lynching-us,google sheet,https://docs.google.com/spreadsheets/d/1kH6VTsORWkVE30il3SE7i_Fc5Hjwn_kF56j7lItOtok/edit?usp=sharing
datasets-executions-england-wales-london-pre-1840,google sheet,https://docs.google.com/spreadsheets/d/1xjV6tz3S-YOR7v2zXVK-hNwh639VPoIRmJDzb2MCKVw/edit?usp=sharing
datasets-executions-england-wales-from-1800,google sheet,https://docs.google.com/spreadsheets/d/1c5nBGrTVXPLiG6lQWY2DJAkKF2utOIc7MVrVHdIPtVQ/edit?usp=sharing
datasets-executions-england-wales-before-1800,google sheet,https://docs.google.com/spreadsheets/d/1zUguvvfJ4aG01rZdbBxkvtm21P86zpW2OffqPQP2r8g/edit?usp=sharing
datasets-executions-australia,google sheet,https://docs.google.com/spreadsheets/d/1y9E42haGmPCucVPQ3uQlxQvrDaNZGCxrGtR1oVCieG8/edit?usp=sharing
datasets-electoral-franchise,google sheet,https://docs.google.com/spreadsheets/d/10rl5NGWYqLkrAoWVFPQx1lepIFO2UzhB0mSq2tNExYM/edit?usp=sharing
datasets-eastern-state-prisoner-population,google sheet,https://docs.google.com/spreadsheets/d/1qRHPO0h2tw08UDtjEGumom64TRzboiNRaJwPgoheWow/edit?usp=sharing
datasets-eastern-state-penitentiary-costs,google sheet,https://docs.google.com/spreadsheets/d/1r3fJEZeWr71C_--zb_rKKp0lN0N3GW783bXh_5TspEY/edit?usp=sharing
datasets-eastern-state-official-visitors,google sheet,https://docs.google.com/spreadsheets/d/11N07il-3LZ4EEZZV79b70IudQss1rNhlxMkGVOSs3ho/edit?usp=sharing
datasets-dvcd-rationalizing-stereotyping,google sheet,https://docs.google.com/spreadsheets/d/1omcRMOxd3GSgLX0L54mHm34LA8822hxW3syXOjMXCRM/edit?usp=sharing
datasets-dvcd-dv-claims-dataset,google sheet,https://docs.google.com/spreadsheets/d/1319JtJCRFyobhJRF5Efkn5DDPrZ0datrEp7d2s_DR9k/edit?usp=sharing
datasets-crosswalk-world-countries,google sheet,https://docs.google.com/spreadsheets/d/1qR0q5o1AZrfwqyliYNdx-qu_qzKMVtOkKiMqxe-9Bc4/edit?usp=sharing
datasets-criminal-justice-world-sex-change,google sheet,https://docs.google.com/spreadsheets/d/1VDX4MweIRCQm47aT0BdBO3uodXnZ-5CU78dxAO0zStM/edit?usp=sharing
datasets-criminal-justice-world-cts9,google sheet,https://docs.google.com/spreadsheets/d/1HifbssYfzPZfFFMYlzw7Avw6ch8q6XA0DMtTxVwvgQY/edit?usp=sharing
datasets-criminal-justice-world-cts2-stats,google sheet,https://docs.google.com/spreadsheets/d/18XUjgxIgiwYa62irvFeI7iw6GBHQi9OsYasnvhWRBck/edit?usp=sharing
datasets-criminal-justice-world-cts2-dataset,google sheet,https://docs.google.com/spreadsheets/d/1baxcRMcIo69rG5Lxypa8HZLGlRWq_n0V9dbxLUKkHbU/edit?usp=sharing
datasets-criminal-justice-world-cts10,google sheet,https://docs.google.com/spreadsheets/d/1yDhFK34_BK_3f2tpPg_MczVR2ihJOAM8KYkYtNZOyW4/edit?usp=sharing
datasets-criminal-justice-us-federal,google sheet,https://docs.google.com/spreadsheets/d/193GehTwQHt36t-772eWSiGiXBLS7TzVlCTM1thMldac/edit?usp=sharing
datasets-criminal-justice-us-c2005,google sheet,https://docs.google.com/spreadsheets/d/10LHGqKprdJkmomLJBRWIxahD8YcAlG6-gfeB4gPh_po/edit?usp=sharing
datasets-criminal-justice-dv-process,google sheet,https://docs.google.com/spreadsheets/d/1-d0-ETG2JDVn3WQhNsSVEp_fpNzmhHyCMTSgnYD-KlI/edit?usp=sharing
datasets-criminal-justice-dv-gender,google sheet,https://docs.google.com/spreadsheets/d/1b7kUUYZfcQwUxJxEwyQXoGqxZLPa1KeBIHLvb5eZ_4s/edit?usp=sharing
datasets-counties-england-wales,google sheet,https://docs.google.com/spreadsheets/d/1S1HR2Y07i-enxBHMPXWAjKeDL6BLQB0aA1KgoJYrq30/edit?usp=sharing
datasets-athens-competition-plays,google sheet,https://docs.google.com/spreadsheets/d/19qb0OP1tMW2fKyP8tLyao2HW-o-_CeTo5St37y6bx7E/edit?usp=sharing
datasets-punishment-reckless-sex,google webpage,https://docs.google.com/spreadsheets/d/1R8y1tO6RCbwnGfV7g_O0tv2bcAaqR3asa2Dymipt1SE/pubhtml
datasets-punishment-us-dv-ncsc,google webpage,https://docs.google.com/spreadsheets/d/1u0hSl93rYbM8YhMvepi2TW-geLi-csWvZjcuplkvAuw/pubhtml
datasets-punishment-us-dv-nj,google webpage,https://docs.google.com/spreadsheets/d/1A5eKps5SyQSP27aKGDZpX-xXVZeP7FjDRXmegNdU4aE/pubhtml
datasets-punishment-us-dv-ny,google webpage,https://docs.google.com/spreadsheets/d/1v5nga1jkUk8GGfrgjObSnZc-lE3m7r4icnKbqZ60Nas/pubhtml
datasets-victims-fatalities,google webpage,https://docs.google.com/spreadsheets/d/16GoiEbSxGsywVVOQ034HKrSN_UPOYu9Hw9NCmB0-Y0s/pubhtml
datasets-victims-injuries-nhamcs,google webpage,https://docs.google.com/spreadsheets/d/1EpEtvuUQGBGeFzhmEFGAmam2M8yTFRuyH2IK3UVAHl4/pubhtml
datasets-victims-criminalization,google webpage,https://docs.google.com/spreadsheets/d/1JeHUrkILK43KNXQgIjJImA2EPzmziX2ylJBJI8nh_M8/pubhtml
datasets-victims-injuries-dv,google webpage,https://docs.google.com/spreadsheets/d/1LNjJKMVZGJPrmqt2WQuLOzun8TWAW-ea3MwlumDd_Jo/pubhtml
datasets-punishment-us-dv-ca,google webpage,https://docs.google.com/spreadsheets/d/15c-tRzu8y0vAa1gptd-d-K3GO3fBb24u3MbJkPG_9uc/pubhtml
datasets-punishment-us-dv-legislation,google webpage,https://docs.google.com/spreadsheets/d/18sjZEXdUKub-mFmLadhcryN2p7NAnR3EeNsy2oytbRY/pubhtml
datasets-punishment-us-dv-ct,google webpage,https://docs.google.com/spreadsheets/d/1tYBTsF7-px-3lCnBFOolTdj5KbTb9SaJ4_gGf5ADiVA/pubhtml
datasets-punishment-us-dv-dual-arrests,google webpage,https://docs.google.com/spreadsheets/d/1xVLB1FrIouFSZZVpHI8NFdfksBzaL-tOjXxdJKsKWhM/pubhtml
datasets-punishment-us-dv-ak,google webpage,https://docs.google.com/spreadsheets/d/1Umg3hWiKCnqTPmNzJg5r0b6TEMaWYpkSw6Yr2uPeC_Y/pubhtml
datasets-punishment-us,google webpage,https://docs.google.com/spreadsheets/d/1XhnG67jH2UosmcdwpeFcq93DZo4zaTSEz7lsyxesdlE/pubhtml
datasets-punishment-scotland-long-run,google webpage,https://docs.google.com/spreadsheets/d/1CZVs0UFv8puLZ29e_wAbpxW4pfAqpe8HuX0uBQU1owQ/pubhtml
datasets-punishment-sex-reform,google webpage,https://docs.google.com/spreadsheets/d/1epxY_e7lAk4K--BiiHNn8UlWuF5t1vT-kF6g85bNUtA/pubhtml
datasets-punishment-us-dv-basile-study,google webpage,https://docs.google.com/spreadsheets/d/14EK7Z-F_GWcNi3ew5_HA9X2z3ilgied5LVXCBCFyakk/pubhtml
datasets-punishment-us-dv-arrests,google webpage,https://docs.google.com/spreadsheets/d/1IzmdoysFei4faoYb3irecuDfoQItQothfxxjBfZN5rA/pubhtml
datasets-prisoners-us-fed-state-1940,google webpage,https://docs.google.com/spreadsheets/d/1sI2EoxhhaHxrxtPKOKXXfyBDXHmmp4wheEbjQMY6Gng/pubhtml
datasets-prisoners-us-offenses-1970-1997,google webpage,https://docs.google.com/spreadsheets/d/1yhWfjAb-In2Nw_WB6bOUyrZ9G52WZoeeEFeIBU25050/pubhtml
datasets-prisoners-world-2003-2010,google webpage,https://docs.google.com/spreadsheets/d/14dsNnZEr1trsXHxJaLTxJgtL7wEQvgZYP9UuIeRc-Uw/pubhtml
datasets-prisoners-us-judges-2010,google webpage,https://docs.google.com/spreadsheets/d/1Frx_DeUq5wX76XXASardUz8YBia-OvJCwlRCEsE1ZTk/pubhtml
datasets-prisoners-us-state-sex-panel,google webpage,https://docs.google.com/spreadsheets/d/1V4_0T_lJPVBhKuMirhXncjWMI3C6crHgcD84qv1Y2JY/pubhtml
datasets-punishment-australia,google webpage,https://docs.google.com/spreadsheets/d/1Tl6OLqy-YhnPf5JvyiaFcBFs97hKkjkZKONrAW06Id0/pubhtml
datasets-punishment-england-wales-long-run,google webpage,https://docs.google.com/spreadsheets/d/1ijx9x2_mTW6-GC1RMbvttJV7eg4BA0coDCRgclQu4Os/pubhtml
datasets-punishment-england-wales-old-bailey,google webpage,https://docs.google.com/spreadsheets/d/1kMHe4qLFh25eknjWutFImSewWPywvxXlTGEFRtQTO-w/pubhtml
datasets-punishment-executions-statements-meals,google webpage,https://docs.google.com/spreadsheets/d/1RF-0BkAVaWwWTlQdkswsfQFmq1x1N4xWL6cHAytuydE/pubhtml
datasets-prisoners-us-media-use,google webpage,https://docs.google.com/spreadsheets/d/1Eqox3W3Yg8cvUhQoNf22nMaQzscNHdPFRfw-b4t-3Lw/pubhtml
datasets-victims-injuries-causes,google webpage,https://docs.google.com/spreadsheets/d/16oWDrrlVVlKYw0t9ybdTMXWBjIfhrkZ9ZhMJh6MojiU/pubhtml
datasets-victims-dv-ncvs,google webpage,https://docs.google.com/spreadsheets/d/1fOR9LNmLJE_lL8_J7Z0F05c3NPCqI2DVD449I-4uZnc/pubhtml
datasets-victims-dv-homicide-suicide,google webpage,https://docs.google.com/spreadsheets/d/1kRS4Rzdp7CZxx8IJ3jO5iXaCuCbd6ufPe8tn9dxMi2A/pubhtml
datasets-victims-agencies-dv,google webpage,https://docs.google.com/spreadsheets/d/1Iq5ViA6HNaS0VzKZODFKmXhyubfsy4CpUFDBDzrgFGs/pubhtml
datasets-transported-uk-australia,google webpage,https://docs.google.com/spreadsheets/d/1fM_wSmCFny9YPbiI6j9v18YHwCCbCDeq7xVJbTs4_NI/pubhtml
datasets-transported-england-wales-america,google webpage,https://docs.google.com/spreadsheets/d/152rR8MweRsWMN18fFXmfD9wzkJ8kpxIucP7uGmYcJPo/pubhtml
datasets-state-prisons-cells-prisoners-1868-1873,google webpage,https://docs.google.com/spreadsheets/d/1G36zuN70Is_Arfr-JjLxFl2_DqTCx9iuBDUGBrFQ90Y/pubhtml
datasets-punishment-us-restraining-inmates,google webpage,https://docs.google.com/spreadsheets/d/1EiIkVsieUfmdsu6g7ft-c6kY7AnDuBd8IQ1de4U9iZc/pubhtml
datasets-punishment-us-dv-tn,google webpage,https://docs.google.com/spreadsheets/d/1THLZ_BFChSyhtf_7hHcuFnV6rJ9Z00iyNnjEvryEYbk/pubhtml
datasets-punishment-us-dv-synth,google webpage,https://docs.google.com/spreadsheets/d/19mjVBERri24sKPVqhRA_BAOq400CZd-njh3KVverE48/pubhtml
datasets-punishment-us-dv-states,google webpage,https://docs.google.com/spreadsheets/d/1LgVZXc0wVdclj9Gkr_fZWujavaBsl2crwARj6JoUX3A/pubhtml
datasets-punishment-us-dv-ri,google webpage,https://docs.google.com/spreadsheets/d/1A_pWsGgpbmj3UYEEDOwnHyD2NRep-o-hUSevZuyfdQQ/pubhtml
datasets-punishment-us-dv-policy-trend,google webpage,https://docs.google.com/spreadsheets/d/1P4dEYMBSpxCROjhXVfH04FWz7GvJ26-Z9FeTymKbFtQ/pubhtml
datasets-prisoners-us-population-deaths-1820-43,google webpage,https://docs.google.com/spreadsheets/d/1Cjy3kYOphd9bh8cWYAT2YMuIHa3JAtFyNPmTnYUoE5w/pubhtml
datasets-prisoners-us-long-run-summary,google webpage,https://docs.google.com/spreadsheets/d/16T_GA1AdROaWb2poWP-n7MQVNZMAZZ2hr0_aBytRRJ8/pubhtml
datasets-prisoners-us-from-1900,google webpage,https://docs.google.com/spreadsheets/d/1ewxp9zA52aoiN57oX6wofVo8vPdcV3plEChSJJh63YI/pubhtml
datasets-prisoners-us-commitments-sex,google webpage,https://docs.google.com/spreadsheets/d/1IVXbKaE-NkWiOmHb04nCWmpEDzzvr15d6VngvNvS8fA/pubhtml
datasets-prisoners-us-19th-century,google webpage,https://docs.google.com/spreadsheets/d/1CGjg-YNyLjSLQSRliWS7Mjs281kQfqdwhS9sYt5hrKA/pubhtml
datasets-prisoners-spectators,google webpage,https://docs.google.com/spreadsheets/d/1TviBqfyvM3GKa9CFo0OCeN2ZfryrrHGhgtDi74HyLnM/pubhtml
datasets-prisoners-scotland-from-1840,google webpage,https://docs.google.com/spreadsheets/d/12ckcSwrR9jBTtlxdGbvJY94pRbG7DevesdNXNdSTiYk/pubhtml
datasets-prisoners-scotland-1820,google webpage,https://docs.google.com/spreadsheets/d/1mFdJNNp6W6LijWfIGPWiKs1HW07hAla5tkhbBajnVMM/pubhtml
datasets-prisoners-press,google webpage,https://docs.google.com/spreadsheets/d/10NrjX7Ep3TnixPD_l4vM0oVGyHKdGsMvSBhXOFGGVOM/pubhtml
datasets-prisoners-interaction,google webpage,https://docs.google.com/spreadsheets/d/19KInmyCZjG0J55Nu4UCF-CeYKmPA8gGwihpO0dYICiE/pubhtml
datasets-prisoners-england-wales-long-run,google webpage,https://docs.google.com/spreadsheets/d/1fvpH1wu8TbJ93H6Mk2eisD7QqbEGssa8EdGwH_3eqMA/pubhtml
datasets-prisoners-england-wales-london-pre-1850,google webpage,https://docs.google.com/spreadsheets/d/1ExiMgwJM9OeXhNjKp0WPVM7FJyU7lv8txC_Kz6_LSEQ/pubhtml
datasets-prisoners-england-wales-london-1779-1850,google webpage,https://docs.google.com/spreadsheets/d/1EoITe3BVuv6LScTACwmum7-Nro0auPIbUhpWCGge4Tg/pubhtml
datasets-prisoners-england-wales-hulks,google webpage,https://docs.google.com/spreadsheets/d/12UlnN3cmsT9gA6zFJMqweZQaLVIbkkqMdHxChst1C_A/pubhtml
datasets-prisoners-england-wales-debtors-pre-1775,google webpage,https://docs.google.com/spreadsheets/d/1sKS1BHAN7v9VFKJMOb6O6WWjjnQ5hvU1Biv6ThIbJwQ/pubhtml
datasets-prisoners-england-wales-debtors-1800,google webpage,https://docs.google.com/spreadsheets/d/1IomPHMNnciDKXUfGKQi1NYfrsBK9a8ffRVUpUlI3QPA/pubhtml
datasets-prisoners-england-wales-counties-1780-1850,google webpage,https://docs.google.com/spreadsheets/d/1tLsHkFWLnGt-1ihA9OWX0knnoQth5eGw82lVrfMK9FQ/pubhtml
datasets-prisoners-england-wales-commitments-1805-6,google webpage,https://docs.google.com/spreadsheets/d/1h5aLwcuJo57vZhzgyB61cQJqmltlFrDfj3w6S_k43wI/pubhtml
datasets-prisoners-england-wales-1892,google webpage,https://docs.google.com/spreadsheets/d/1fafnuWoxvds7p1v6IACzyMS_VR6IGWh5XJyuyHFdgVo/pubhtml
datasets-prisoners-england-wales-1864,google webpage,https://docs.google.com/spreadsheets/d/1WXofn9JPLleE6PduCWBdJ9coZrCq7Lx2dPA5EublTNA/pubhtml
datasets-prisoners-england-wales-1850,google webpage,https://docs.google.com/spreadsheets/d/1mY-jPocOI_IVJIOSaNnSjfQyAU-Vv1xfdhyChT3FWhk/pubhtml
datasets-prisoners-england-wales-1840,google webpage,https://docs.google.com/spreadsheets/d/1XcusHEV_ilcNtCsr4LDKtuuX6CAMY6sy-tD02eGheTA/pubhtml
datasets-prisoners-england-wales-1838,google webpage,https://docs.google.com/spreadsheets/d/1Exg05wMVQycy5krNGeO36AaHBbKC9Sg_0cPsbEfiVe0/pubhtml
datasets-prisoners-england-wales-1836,google webpage,https://docs.google.com/spreadsheets/d/1cNnA1LRfDEiaJen5om4877nX6_HGWAx2Qayauy5cVk8/pubhtml
datasets-prisoners-england-wales-1830,google webpage,https://docs.google.com/spreadsheets/d/1klaA-TqHm_3Mra1iXmsGux11ddyVXW7pWFp7Ls0vOnU/pubhtml
datasets-prisoners-england-wales-1823,google webpage,https://docs.google.com/spreadsheets/d/1VsTM_7BLdJyro-7shJahMC4cUkKk5VLMtxTrxlxoA-A/pubhtml
datasets-prisoners-england-wales-1820,google webpage,https://docs.google.com/spreadsheets/d/1jsrUH3hSE6caG-dj3XU0gy7z201jhDap4GZr9htI5cI/pubhtml
datasets-prisoners-england-wales-1810,google webpage,https://docs.google.com/spreadsheets/d/1_s0styjKcjtCHVMJNXR3tHbH7DBuhwNFoNYeel3RC1g/pubhtml
datasets-prisoners-england-wales-1800,google webpage,https://docs.google.com/spreadsheets/d/1C-0gU6gQqxUifABlM20AD7InDCsDz2x5USzt8mGbcXU/pubhtml
datasets-prisoners-england-wales-1780,google webpage,https://docs.google.com/spreadsheets/d/1uGtzA96wJKUgmbDsuYNPv1wsFPtE9n-CQtxSDZIuROc/pubhtml
datasets-prisoners-australia,google webpage,https://docs.google.com/spreadsheets/d/1DigI4ayK0AnMS0_SV1s70K8i5AAii2G8NRBP5z3A5Ds/pubhtml
datasets-prisoner-communication-mid-19th-century,google webpage,https://docs.google.com/spreadsheets/d/1tAoa7ui_Ur69z8heFaQ_vqqBZx0ovVrlSt1rOymFk8Q/pubhtml
datasets-prisoner-communication-late-20th-century,google webpage,https://docs.google.com/spreadsheets/d/1JCuvC_-DWx7nrazEeUOsCCzmgByc75V7Ubq-eoe11Pg/pubhtml
datasets-prisoner-communication-early-20th-century,google webpage,https://docs.google.com/spreadsheets/d/1NZ-NPJJQrRNW8Ak_Cn-MZ5aEHzUmrxYWclrUj8NWnVk/pubhtml
datasets-population-us,google webpage,https://docs.google.com/spreadsheets/d/1S8-nnzLcoqJ-qzKzVXhmXT1RjYPnQ30a08oeKFrfiHY/pubhtml
datasets-population-england-wales,google webpage,https://docs.google.com/spreadsheets/d/17TIvcuwkA4baD0m-eHwtpNmp7izjRBhtQFroBo2Ucto/pubhtml
datasets-population-australia,google webpage,https://docs.google.com/spreadsheets/d/1yleYrYQHX_CeKNca07OrjIrGQC9oGsWoEuR965XXYvc/pubhtml
datasets-parole-prisoners-communication,google webpage,https://docs.google.com/spreadsheets/d/1kA8jyllFljHAG8V7UPuVLdqzgyTSBuaFETpeKgrBLAI/pubhtml
datasets-military-service-uk,google webpage,https://docs.google.com/spreadsheets/d/1FeRVC9Nrb406d02ugbTjUSmKLbPxPhpCrKUCMJgpkR8/pubhtml
datasets-manifest-admin,google webpage,https://docs.google.com/spreadsheets/d/139myxUfwDqTtmdIpdGihmDF3eQojipamctnYRceJEag/edit?usp=sharing
datasets-libraries-public-books-before-1940,google webpage,https://docs.google.com/spreadsheets/d/1ZBhLM8114VorSwKZ8W1T44vczmBM4OyM5AViXaEmzdY/pubhtml
datasets-libraries-prisons-books-before-1900,google webpage,https://docs.google.com/spreadsheets/d/1QkyAgUVWI1NBuTXa-3Odw0AfQORh6ap9YS9dq1xBn1U/pubhtml
datasets-libraries-prisons-books-ala-1933,google webpage,https://docs.google.com/spreadsheets/d/18_ZXl0oxNo32JgJpJ9IIZbJrbp0R-uYtfOcVh8u3_ug/pubhtml
datasets-libraries-prisons-before-1940,google webpage,https://docs.google.com/spreadsheets/d/1G-jbaMfmnQWfkEsU8PZnKIqGPft0mJtirpU1XhhGPw0/pubhtml
datasets-libraries-prisons-after-1980,google webpage,https://docs.google.com/spreadsheets/d/1KWYLwarJu-ZEjxGQNVpRaOe30UziivEY5lIpc6KxScM/pubhtml
datasets-libraries-prisons-1940-1980,google webpage,https://docs.google.com/spreadsheets/d/10FHhZJnNQlu8wFsXFpccPTvarGEYxiSa8tGElPWes9g/pubhtml
datasets-howard-prison-visits,google webpage,https://docs.google.com/spreadsheets/d/1iAUlxihD5rQVqIMF9WVTTV4Qfu07fyfoljTNf-Q6NMM/pubhtml
datasets-frankenstein-feelings-comparison,google webpage,https://docs.google.com/spreadsheets/d/18vpjvSIfN1479zRNVe4ohgrqU7emN7r_5J6nngAbaVw/pubhtml
datasets-feature-film-characteristics,google webpage,https://docs.google.com/spreadsheets/d/1XhwoOo3-tUsJVe20JM9MieIGvbBG_EwZvedCj6U-wOI/pubhtml
datasets-executions-us,google webpage,https://docs.google.com/spreadsheets/d/1zMY2OI_4OX2-4btRnJpy7rhZzM-UxdC7W1h7Q4QcF48/pubhtml
datasets-executions-scotland-from-1800,google webpage,https://docs.google.com/spreadsheets/d/1IGKY7M_yf46I1CJQwGkNP9BrPVyHjLenWI2GrZLB4Zk/pubhtml
datasets-executions-lynching-us,google webpage,https://docs.google.com/spreadsheets/d/1kH6VTsORWkVE30il3SE7i_Fc5Hjwn_kF56j7lItOtok/pubhtml
datasets-executions-england-wales-london-pre-1840,google webpage,https://docs.google.com/spreadsheets/d/1xjV6tz3S-YOR7v2zXVK-hNwh639VPoIRmJDzb2MCKVw/pubhtml
datasets-executions-england-wales-from-1800,google webpage,https://docs.google.com/spreadsheets/d/1c5nBGrTVXPLiG6lQWY2DJAkKF2utOIc7MVrVHdIPtVQ/pubhtml
datasets-executions-england-wales-before-1800,google webpage,https://docs.google.com/spreadsheets/d/1zUguvvfJ4aG01rZdbBxkvtm21P86zpW2OffqPQP2r8g/pubhtml
datasets-executions-australia,google webpage,https://docs.google.com/spreadsheets/d/1y9E42haGmPCucVPQ3uQlxQvrDaNZGCxrGtR1oVCieG8/pubhtml
datasets-electoral-franchise,google webpage,https://docs.google.com/spreadsheets/d/10rl5NGWYqLkrAoWVFPQx1lepIFO2UzhB0mSq2tNExYM/pubhtml
datasets-eastern-state-prisoner-population,google webpage,https://docs.google.com/spreadsheets/d/1qRHPO0h2tw08UDtjEGumom64TRzboiNRaJwPgoheWow/pubhtml
datasets-eastern-state-penitentiary-costs,google webpage,https://docs.google.com/spreadsheets/d/1r3fJEZeWr71C_--zb_rKKp0lN0N3GW783bXh_5TspEY/pubhtml
datasets-eastern-state-official-visitors,google webpage,https://docs.google.com/spreadsheets/d/11N07il-3LZ4EEZZV79b70IudQss1rNhlxMkGVOSs3ho/pubhtml
datasets-dvcd-rationalizing-stereotyping,google webpage,https://docs.google.com/spreadsheets/d/1omcRMOxd3GSgLX0L54mHm34LA8822hxW3syXOjMXCRM/pubhtml
datasets-dvcd-dv-claims-dataset,google webpage,https://docs.google.com/spreadsheets/d/1319JtJCRFyobhJRF5Efkn5DDPrZ0datrEp7d2s_DR9k/pubhtml
datasets-crosswalk-world-countries,google webpage,https://docs.google.com/spreadsheets/d/1qR0q5o1AZrfwqyliYNdx-qu_qzKMVtOkKiMqxe-9Bc4/pubhtml
datasets-criminal-justice-world-sex-change,google webpage,https://docs.google.com/spreadsheets/d/1VDX4MweIRCQm47aT0BdBO3uodXnZ-5CU78dxAO0zStM/pubhtml
datasets-criminal-justice-world-cts9,google webpage,https://docs.google.com/spreadsheets/d/1HifbssYfzPZfFFMYlzw7Avw6ch8q6XA0DMtTxVwvgQY/pubhtml
datasets-criminal-justice-world-cts2-stats,google webpage,https://docs.google.com/spreadsheets/d/18XUjgxIgiwYa62irvFeI7iw6GBHQi9OsYasnvhWRBck/pubhtml
datasets-criminal-justice-world-cts2-dataset,google webpage,https://docs.google.com/spreadsheets/d/1baxcRMcIo69rG5Lxypa8HZLGlRWq_n0V9dbxLUKkHbU/pubhtml
datasets-criminal-justice-world-cts10,google webpage,https://docs.google.com/spreadsheets/d/1yDhFK34_BK_3f2tpPg_MczVR2ihJOAM8KYkYtNZOyW4/pubhtml
datasets-criminal-justice-us-federal,google webpage,https://docs.google.com/spreadsheets/d/193GehTwQHt36t-772eWSiGiXBLS7TzVlCTM1thMldac/pubhtml
datasets-criminal-justice-us-c2005,google webpage,https://docs.google.com/spreadsheets/d/10LHGqKprdJkmomLJBRWIxahD8YcAlG6-gfeB4gPh_po/pubhtml
datasets-criminal-justice-dv-process,google webpage,https://docs.google.com/spreadsheets/d/1-d0-ETG2JDVn3WQhNsSVEp_fpNzmhHyCMTSgnYD-KlI/pubhtml
datasets-criminal-justice-dv-gender,google webpage,https://docs.google.com/spreadsheets/d/1b7kUUYZfcQwUxJxEwyQXoGqxZLPa1KeBIHLvb5eZ_4s/pubhtml
datasets-counties-england-wales,google webpage,https://docs.google.com/spreadsheets/d/1S1HR2Y07i-enxBHMPXWAjKeDL6BLQB0aA1KgoJYrq30/pubhtml
datasets-athens-competition-plays,google webpage,https://docs.google.com/spreadsheets/d/19qb0OP1tMW2fKyP8tLyao2HW-o-_CeTo5St37y6bx7E/pubhtml
datasets-victims-injuries-nhamcs,excel,https://docs.google.com/file/d/0B6EWYwin0l-WSjdpZUJ5emZLY1U/edit?usp=sharing
datasets-victims-injuries-dv,excel,https://docs.google.com/file/d/0B6EWYwin0l-WZDF1b0JjSmgwdXM/edit?usp=sharing
datasets-victims-injuries-causes,excel,https://docs.google.com/file/d/0B6EWYwin0l-WVGtoV2NRdXhxbXc/edit?usp=sharing
datasets-victims-fatalities,excel,https://docs.google.com/file/d/0B6EWYwin0l-WRjZCejBVWTU5U2c/edit?usp=sharing
datasets-victims-dv-ncvs,excel,https://docs.google.com/file/d/0B6EWYwin0l-WbkFHc2VrWVdnWE0/edit?usp=sharing
datasets-victims-dv-homicide-suicide,excel,https://docs.google.com/file/d/0B6EWYwin0l-WZkU4WGMtWlpERGc/edit?usp=sharing
datasets-victims-criminalization,excel,https://docs.google.com/file/d/0B6EWYwin0l-Wbms1ZVh5YkFRaG8/edit?usp=sharing
datasets-victims-agencies-dv,excel,https://docs.google.com/file/d/0B6EWYwin0l-WTE1IMGY2M2F0a3M/edit?usp=sharing
datasets-transported-uk-australia,excel,https://docs.google.com/file/d/0B6EWYwin0l-WdmRFLVhsa0pudzg/edit?usp=sharing
datasets-transported-england-wales-america,excel,https://docs.google.com/file/d/0B6EWYwin0l-WRkZ5SmF3V0IwQW8/edit?usp=sharing
datasets-state-prisons-cells-prisoners-1868-1873,excel,https://docs.google.com/file/d/0B6EWYwin0l-WMDdidFAtdklwVkk/edit?usp=sharing
datasets-punishment-us,excel,https://docs.google.com/file/d/0B6EWYwin0l-WZ3hLLTNKVHE4eFE/edit?usp=sharing
datasets-punishment-us-restraining-inmates,excel,https://docs.google.com/file/d/0B6EWYwin0l-WRV9VY3ZqcE1rTGs/edit?usp=sharing
datasets-punishment-us-dv-tn,excel,https://docs.google.com/file/d/0B6EWYwin0l-WaUIzUDZPaDJ6cDg/edit?usp=sharing
datasets-punishment-us-dv-synth,excel,https://docs.google.com/file/d/0B6EWYwin0l-WVlZ4bzhWeHY4ZDQ/edit?usp=sharing
datasets-punishment-us-dv-states,excel,https://docs.google.com/file/d/0B6EWYwin0l-WNnA0RWcxZlhiZVE/edit?usp=sharing
datasets-punishment-us-dv-ri,excel,https://docs.google.com/file/d/0B6EWYwin0l-WN0hFbDJMcDNXNUk/edit?usp=sharing
datasets-punishment-us-dv-policy-trend,excel,https://docs.google.com/file/d/0B6EWYwin0l-Wd1FUSzE4WGVyM00/edit?usp=sharing
datasets-punishment-us-dv-ny,excel,https://docs.google.com/file/d/0B6EWYwin0l-WQ3pfV2RVT1g1dE0/edit?usp=sharing
datasets-punishment-us-dv-nj,excel,https://docs.google.com/file/d/0B6EWYwin0l-WZXdvN2VBU3AxZUk/edit?usp=sharing
datasets-punishment-us-dv-ncsc,excel,https://docs.google.com/file/d/0B6EWYwin0l-WQmhHNzc5YkduYXc/edit?usp=sharing
datasets-punishment-us-dv-legislation,excel,https://docs.google.com/file/d/0B6EWYwin0l-Wb2tJNHJPckVOSFk/edit?usp=sharing
datasets-punishment-us-dv-dual-arrests,excel,https://docs.google.com/file/d/0B6EWYwin0l-WbWRqcGlyV2E1eFE/edit?usp=sharing
datasets-punishment-us-dv-ct,excel,https://docs.google.com/file/d/0B6EWYwin0l-Wc0FYa3A5VDNSNnM/edit?usp=sharing
datasets-punishment-us-dv-ca,excel,https://docs.google.com/file/d/0B6EWYwin0l-WUnZkQUwyM2taUkk/edit?usp=sharing
datasets-punishment-us-dv-basile-study,excel,https://docs.google.com/file/d/0B6EWYwin0l-WUzIwd2c2a011THc/edit?usp=sharing
datasets-punishment-us-dv-arrests,excel,https://docs.google.com/file/d/0B6EWYwin0l-WTUQ5OVZTeFpSR28/edit?usp=sharing
datasets-punishment-us-dv-ak,excel,https://docs.google.com/file/d/0B6EWYwin0l-WdERPRWpiLVE2WHM/edit?usp=sharing
datasets-punishment-sex-reform,excel,https://docs.google.com/file/d/0B6EWYwin0l-WdHkyb2RzSXI1dWc/edit?usp=sharing
datasets-punishment-scotland-long-run,excel,https://docs.google.com/file/d/0B6EWYwin0l-WMEhndGFUR3FHME0/edit?usp=sharing
datasets-punishment-reckless-sex,excel,https://docs.google.com/file/d/0B6EWYwin0l-WNXhHNndpd2pYUmM/edit?usp=sharing
datasets-punishment-executions-statements-meals,excel,https://docs.google.com/file/d/0B6EWYwin0l-WY29pM0VBaGN1Uk0/edit?usp=sharing
datasets-punishment-england-wales-old-bailey,excel,https://docs.google.com/file/d/0B6EWYwin0l-WNGVIZncyc0VDbXc/edit?usp=sharing
datasets-punishment-england-wales-long-run,excel,https://docs.google.com/file/d/0B6EWYwin0l-WeGF0OHdkaG9ucXc/edit?usp=sharing
datasets-punishment-australia,excel,https://docs.google.com/file/d/0B6EWYwin0l-WdjhYYnUwSGxYUm8/edit?usp=sharing
datasets-prisoners-world-2003-2010,excel,https://docs.google.com/file/d/0B6EWYwin0l-WU0VrYlh4MGdhcnc/edit?usp=sharing
datasets-prisoners-us-state-sex-panel,excel,https://docs.google.com/file/d/0B6EWYwin0l-WOHhjbUZZUWw1dUk/edit?usp=sharing
datasets-prisoners-us-population-deaths-1820-43,excel,https://docs.google.com/file/d/0B6EWYwin0l-WeDRzVnIwVl9jRzg/edit?usp=sharing
datasets-prisoners-us-offenses-1970-1997,excel,https://docs.google.com/file/d/0B6EWYwin0l-WOV9HVlh5NFBkelE/edit?usp=sharing
datasets-prisoners-us-media-use,excel,https://docs.google.com/file/d/0B6EWYwin0l-Wd1BxS05ERWlhRDQ/edit?usp=sharing
datasets-prisoners-us-long-run-summary,excel,https://docs.google.com/file/d/0B6EWYwin0l-WS0F1RUR6UF9sM1k/edit?usp=sharing
datasets-prisoners-us-judges-2010,excel,https://docs.google.com/file/d/0B6EWYwin0l-WMnYxNUdCc25DSjg/edit?usp=sharing
datasets-prisoners-us-from-1900,excel,https://docs.google.com/file/d/0B6EWYwin0l-WckNmZFV1dGdnQm8/edit?usp=sharing
datasets-prisoners-us-fed-state-1940,excel,https://docs.google.com/file/d/0B6EWYwin0l-WWDFERmdGZEdBRGs/edit?usp=sharing
datasets-prisoners-us-commitments-sex,excel,https://docs.google.com/file/d/0B6EWYwin0l-WN3BhQjFVUE1lUmc/edit?usp=sharing
datasets-prisoners-us-19th-century,excel,https://docs.google.com/file/d/0B6EWYwin0l-WTHdidzlVN0JOa1U/edit?usp=sharing
datasets-prisoners-spectators,excel,https://docs.google.com/file/d/0B6EWYwin0l-WT2pEb1pMR0pNUVE/edit?usp=sharing
datasets-prisoners-scotland-from-1840,excel,https://docs.google.com/file/d/0B6EWYwin0l-WekF0b2N1WnhGMDg/edit?usp=sharing
datasets-prisoners-scotland-1820,excel,https://docs.google.com/file/d/0B6EWYwin0l-WX25CZ2JfMEUxYWs/edit?usp=sharing
datasets-prisoners-press,excel,https://docs.google.com/file/d/0B6EWYwin0l-WRVRudEJfYy1vcFE/edit?usp=sharing
datasets-prisoners-interaction,excel,https://docs.google.com/file/d/0B6EWYwin0l-WUksxVE5XbmtGUmc/edit?usp=sharing
datasets-prisoners-england-wales-long-run,excel,https://docs.google.com/file/d/0B6EWYwin0l-WSlRpbUlza2p5REE/edit?usp=sharing
datasets-prisoners-england-wales-london-pre-1850,excel,https://docs.google.com/file/d/0B6EWYwin0l-WRzFNaU1HdGJSM0k/edit?usp=sharing
datasets-prisoners-england-wales-london-1779-1850,excel,https://docs.google.com/file/d/0B6EWYwin0l-WTWRqOWd2a2xTRXM/edit?usp=sharing
datasets-prisoners-england-wales-hulks,excel,https://docs.google.com/file/d/0B6EWYwin0l-WaHRYOEJsYlYwSG8/edit?usp=sharing
datasets-prisoners-england-wales-debtors-pre-1775,excel,https://docs.google.com/file/d/0B6EWYwin0l-Wd01YYXprTHBVSk0/edit?usp=sharing
datasets-prisoners-england-wales-debtors-1800,excel,https://docs.google.com/file/d/0B6EWYwin0l-WTzQ0R3RrOWhULWc/edit?usp=sharing
datasets-prisoners-england-wales-counties-1780-1850,excel,https://docs.google.com/file/d/0B6EWYwin0l-Wa2Q4cHRpdGN5eFk/edit?usp=sharing
datasets-prisoners-england-wales-commitments-1805-6,excel,https://docs.google.com/file/d/0B6EWYwin0l-WSzBkVDZSWmk4eVU/edit?usp=sharing
datasets-prisoners-england-wales-1892,excel,https://docs.google.com/file/d/0B6EWYwin0l-WWlQwd1VTaGlVMU0/edit?usp=sharing
datasets-prisoners-england-wales-1864,excel,https://docs.google.com/file/d/0B6EWYwin0l-WSU44bjVNZ1ViZ28/edit?usp=sharing
datasets-prisoners-england-wales-1850,excel,https://docs.google.com/file/d/0B6EWYwin0l-WNndhU2NIS2FQM3M/edit?usp=sharing
datasets-prisoners-england-wales-1840,excel,https://docs.google.com/file/d/0B6EWYwin0l-WemdkaFVEMm1uVkE/edit?usp=sharing
datasets-prisoners-england-wales-1838,excel,https://docs.google.com/file/d/0B6EWYwin0l-WdHlJaXJoSmlzRms/edit?usp=sharing
datasets-prisoners-england-wales-1836,excel,https://docs.google.com/file/d/0B6EWYwin0l-WNC1fWk5VNnlmTVk/edit?usp=sharing
datasets-prisoners-england-wales-1830,excel,https://docs.google.com/file/d/0B6EWYwin0l-Wa1RSelR0Z2dhYmM/edit?usp=sharing
datasets-prisoners-england-wales-1823,excel,https://docs.google.com/file/d/0B6EWYwin0l-WTmJmeFBZSGpocTQ/edit?usp=sharing
datasets-prisoners-england-wales-1820,excel,https://docs.google.com/file/d/0B6EWYwin0l-WaTFaWFZwMUdZVHc/edit?usp=sharing
datasets-prisoners-england-wales-1810,excel,https://docs.google.com/file/d/0B6EWYwin0l-WRkNieHp4VURRZDg/edit?usp=sharing
datasets-prisoners-england-wales-1800,excel,https://docs.google.com/file/d/0B6EWYwin0l-WQVVMdW5CTmRobFk/edit?usp=sharing
datasets-prisoners-england-wales-1780,excel,https://docs.google.com/file/d/0B6EWYwin0l-WclBNdUYxeWY1ZlU/edit?usp=sharing
datasets-prisoners-australia,excel,https://docs.google.com/file/d/0B6EWYwin0l-WTm9HcXExaDRwLUE/edit?usp=sharing
datasets-prisoner-communication-mid-19th-century,excel,https://docs.google.com/file/d/0B6EWYwin0l-WVkdSSC1aR1FoWFk/edit?usp=sharing
datasets-prisoner-communication-late-20th-century,excel,https://docs.google.com/file/d/0B6EWYwin0l-WRWZPcUpYWUozYnM/edit?usp=sharing
datasets-prisoner-communication-early-20th-century,excel,https://docs.google.com/file/d/0B6EWYwin0l-WMG1pRGI4RFM0WHc/edit?usp=sharing
datasets-population-us,excel,https://docs.google.com/file/d/0B6EWYwin0l-WcFczcmhvaU1aX28/edit?usp=sharing
datasets-population-england-wales,excel,https://docs.google.com/file/d/0B6EWYwin0l-WTS1US2xBWGlvbzg/edit?usp=sharing
datasets-population-australia,excel,https://docs.google.com/file/d/0B6EWYwin0l-WdTRpa0ZNRFFpWFk/edit?usp=sharing
datasets-parole-prisoners-communication,excel,https://docs.google.com/file/d/0B6EWYwin0l-WNnd3aXJ2cGs3SEk/edit?usp=sharing
datasets-military-service-uk,excel,https://docs.google.com/file/d/0B6EWYwin0l-WU3VoWlVicFViN2M/edit?usp=sharing
datasets-manifest-admin,excel,https://docs.google.com/file/d/0B6EWYwin0l-WVkFQbUJMUGloNXc/edit?usp=sharing
datasets-libraries-public-books-before-1940,excel,https://docs.google.com/file/d/0B6EWYwin0l-WVEw5SzFhOVdaeTA/edit?usp=sharing
datasets-libraries-prisons-books-before-1900,excel,https://docs.google.com/file/d/0B6EWYwin0l-WWFpQaDdPZHZTY3c/edit?usp=sharing
datasets-libraries-prisons-books-ala-1933,excel,https://docs.google.com/file/d/0B6EWYwin0l-WZDRVbGNYMWNPNDQ/edit?usp=sharing
datasets-libraries-prisons-before-1940,excel,https://docs.google.com/file/d/0B6EWYwin0l-WYUdFRWtGaURVYVE/edit?usp=sharing
datasets-libraries-prisons-after-1980,excel,https://docs.google.com/file/d/0B6EWYwin0l-WVTU3VTB3NnNPM2M/edit?usp=sharing
datasets-libraries-prisons-1940-1980,excel,https://docs.google.com/file/d/0B6EWYwin0l-WU2daOVlKSU5uakk/edit?usp=sharing
datasets-howard-prison-visits,excel,https://docs.google.com/file/d/0B6EWYwin0l-WNE9qZWVKbmhxdlk/edit?usp=sharing
datasets-frankenstein-feelings-comparison,excel,https://docs.google.com/file/d/0B6EWYwin0l-WdThBX3VDUzVueWM/edit?usp=sharing
datasets-feature-film-characteristics,excel,https://docs.google.com/file/d/0B6EWYwin0l-WN2k2UlZzY3RENzQ/edit?usp=sharing
datasets-executions-us,excel,https://docs.google.com/file/d/0B6EWYwin0l-WeWozWm9RWXpOeEk/edit?usp=sharing
datasets-executions-scotland-from-1800,excel,https://docs.google.com/file/d/0B6EWYwin0l-WR2oyUl9rZTVmQWM/edit?usp=sharing
datasets-executions-lynching-us,excel,https://docs.google.com/file/d/0B6EWYwin0l-WdDZwMk1fMy05Vk0/edit?usp=sharing
datasets-executions-england-wales-london-pre-1840,excel,https://docs.google.com/file/d/0B6EWYwin0l-WTUpwZVdaRWNVdlU/edit?usp=sharing
datasets-executions-england-wales-from-1800,excel,https://docs.google.com/file/d/0B6EWYwin0l-WZUx1dW0zRldzNjA/edit?usp=sharing
datasets-executions-england-wales-before-1800,excel,https://docs.google.com/file/d/0B6EWYwin0l-WaDUwREVNUlFfcGc/edit?usp=sharing
datasets-executions-australia,excel,https://docs.google.com/file/d/0B6EWYwin0l-Wbl92QTZhaV9JUW8/edit?usp=sharing
datasets-electoral-franchise,excel,https://docs.google.com/file/d/0B6EWYwin0l-WNkV5aHFvV2RmTG8/edit?usp=sharing
datasets-eastern-state-prisoner-population,excel,https://docs.google.com/file/d/0B6EWYwin0l-WRUNHUlF4b1oyVDg/edit?usp=sharing
datasets-eastern-state-penitentiary-costs,excel,https://docs.google.com/file/d/0B6EWYwin0l-WdUpyS3c2R0s3d2c/edit?usp=sharing
datasets-eastern-state-official-visitors,excel,https://docs.google.com/file/d/0B6EWYwin0l-WWmJLdEszSHBXazg/edit?usp=sharing
datasets-dvcd-rationalizing-stereotyping,excel,https://docs.google.com/file/d/0B6EWYwin0l-WZGZTQk1HOGEwTVk/edit?usp=sharing
datasets-dvcd-dv-claims-dataset,excel,https://docs.google.com/file/d/0B6EWYwin0l-WMmxUQi1jcWhQM0k/edit?usp=sharing
datasets-crosswalk-world-countries,excel,https://docs.google.com/file/d/0B6EWYwin0l-WbmtPME1pb0NQU0k/edit?usp=sharing
datasets-criminal-justice-world-sex-change,excel,https://docs.google.com/file/d/0B6EWYwin0l-WYzFwdGRpTkRUVE0/edit?usp=sharing
datasets-criminal-justice-world-cts9,excel,https://docs.google.com/file/d/0B6EWYwin0l-WLVpZdHh3eEZPZjQ/edit?usp=sharing
datasets-criminal-justice-world-cts2-stats,excel,https://docs.google.com/file/d/0B6EWYwin0l-WYjd1d05hQlRaa00/edit?usp=sharing
datasets-criminal-justice-world-cts2-dataset,excel,https://docs.google.com/file/d/0B6EWYwin0l-WSm9Hcjl0djd5dWc/edit?usp=sharing
datasets-criminal-justice-world-cts10,excel,https://docs.google.com/file/d/0B6EWYwin0l-WZmpjRThROXBGVGc/edit?usp=sharing
datasets-criminal-justice-us-federal,excel,https://docs.google.com/file/d/0B6EWYwin0l-WYm44UTFZSGV1TTA/edit?usp=sharing
datasets-criminal-justice-us-c2005,excel,https://docs.google.com/file/d/0B6EWYwin0l-WYl9JZHF3WmpKRHM/edit?usp=sharing
datasets-criminal-justice-dv-process,excel,https://docs.google.com/file/d/0B6EWYwin0l-WZ3ZoeXdWa0hTZms/edit?usp=sharing
datasets-criminal-justice-dv-gender,excel,https://docs.google.com/file/d/0B6EWYwin0l-WM2FsQ2pPMndOdVE/edit?usp=sharing
datasets-counties-england-wales,excel,https://docs.google.com/file/d/0B6EWYwin0l-WeTljTUJ2VG1DT2s/edit?usp=sharing
datasets-athens-competition-plays,excel,https://docs.google.com/file/d/0B6EWYwin0l-WTDdmaGhmcElwMkU/edit?usp=sharing
datasets-victims-injuries-nhamcs,openoffice,https://docs.google.com/file/d/0B6EWYwin0l-WQnpHb2MwQWdZU0E/edit?usp=sharing
datasets-victims-injuries-dv,openoffice,https://docs.google.com/file/d/0B6EWYwin0l-WeE9pR0V0Q296bk0/edit?usp=sharing
datasets-victims-injuries-causes,openoffice,https://docs.google.com/file/d/0B6EWYwin0l-WM0JFeXpqbGstZFU/edit?usp=sharing
datasets-victims-fatalities,openoffice,https://docs.google.com/file/d/0B6EWYwin0l-WTnRXWEw3UlpSX00/edit?usp=sharing
datasets-victims-dv-ncvs,openoffice,https://docs.google.com/file/d/0B6EWYwin0l-WcWhHMi1uc0lKMjQ/edit?usp=sharing
datasets-victims-dv-homicide-suicide,openoffice,https://docs.google.com/file/d/0B6EWYwin0l-WZFY4MUhDQkl4amc/edit?usp=sharing
datasets-victims-criminalization,openoffice,https://docs.google.com/file/d/0B6EWYwin0l-WNHJXS2xlVnZJRlU/edit?usp=sharing
datasets-victims-agencies-dv,openoffice,https://docs.google.com/file/d/0B6EWYwin0l-WcjRkOGZsclpCWE0/edit?usp=sharing
datasets-transported-uk-australia,openoffice,https://docs.google.com/file/d/0B6EWYwin0l-WaVhiSDl6ZXIxRFU/edit?usp=sharing
datasets-transported-england-wales-america,openoffice,https://docs.google.com/file/d/0B6EWYwin0l-WUWkxNkU0QkdxbVU/edit?usp=sharing
datasets-state-prisons-cells-prisoners-1868-1873,openoffice,https://docs.google.com/file/d/0B6EWYwin0l-WYXBfelRILXBSd28/edit?usp=sharing
datasets-punishment-us,openoffice,https://docs.google.com/file/d/0B6EWYwin0l-Wbmh3NXVadTlLWlk/edit?usp=sharing
datasets-punishment-us-restraining-inmates,openoffice,https://docs.google.com/file/d/0B6EWYwin0l-WbTc2QnMyUm9IWUU/edit?usp=sharing
datasets-punishment-us-dv-tn,openoffice,https://docs.google.com/file/d/0B6EWYwin0l-WN2xDUzhpV2tPZ0U/edit?usp=sharing
datasets-punishment-us-dv-synth,openoffice,https://docs.google.com/file/d/0B6EWYwin0l-WMk55YlQwaHYxTzA/edit?usp=sharing
datasets-punishment-us-dv-states,openoffice,https://docs.google.com/file/d/0B6EWYwin0l-WWDN3UDNNX2c0QW8/edit?usp=sharing
datasets-punishment-us-dv-ri,openoffice,https://docs.google.com/file/d/0B6EWYwin0l-WZ3dqQ0ZGZUhPRDQ/edit?usp=sharing
datasets-punishment-us-dv-policy-trend,openoffice,https://docs.google.com/file/d/0B6EWYwin0l-WUHBfc0dpV05OeE0/edit?usp=sharing
datasets-punishment-us-dv-ny,openoffice,https://docs.google.com/file/d/0B6EWYwin0l-WdWR5UGhnc2VVYmc/edit?usp=sharing
datasets-punishment-us-dv-nj,openoffice,https://docs.google.com/file/d/0B6EWYwin0l-WRTNpUkxkN1IwcHM/edit?usp=sharing
datasets-punishment-us-dv-ncsc,openoffice,https://docs.google.com/file/d/0B6EWYwin0l-WbmYtSmRUUFptNDA/edit?usp=sharing
datasets-punishment-us-dv-legislation,openoffice,https://docs.google.com/file/d/0B6EWYwin0l-WSmwzMkNsNGtDazg/edit?usp=sharing
datasets-punishment-us-dv-dual-arrests,openoffice,https://docs.google.com/file/d/0B6EWYwin0l-WS1dmSVk0OVRjeGc/edit?usp=sharing
datasets-punishment-us-dv-ct,openoffice,https://docs.google.com/file/d/0B6EWYwin0l-WYUo3X0E5NFF0SVU/edit?usp=sharing
datasets-punishment-us-dv-ca,openoffice,https://docs.google.com/file/d/0B6EWYwin0l-WWGJ0bldfQkdDN2s/edit?usp=sharing
datasets-punishment-us-dv-basile-study,openoffice,https://docs.google.com/file/d/0B6EWYwin0l-Wd0tFdEdUVEFMU2c/edit?usp=sharing
datasets-punishment-us-dv-arrests,openoffice,https://docs.google.com/file/d/0B6EWYwin0l-WTXdWdlA3NVd1cVU/edit?usp=sharing
datasets-punishment-us-dv-ak,openoffice,https://docs.google.com/file/d/0B6EWYwin0l-WeXRwM0N6MUh6eVE/edit?usp=sharing
datasets-punishment-sex-reform,openoffice,https://docs.google.com/file/d/0B6EWYwin0l-WZ0hGdHczWVJjSkE/edit?usp=sharing
datasets-punishment-scotland-long-run,openoffice,https://docs.google.com/file/d/0B6EWYwin0l-WYkZPWUlFTEttY00/edit?usp=sharing
datasets-punishment-reckless-sex,openoffice,https://docs.google.com/file/d/0B6EWYwin0l-WSXZ5V1hVNEhSRnc/edit?usp=sharing
datasets-punishment-executions-statements-meals,openoffice,https://docs.google.com/file/d/0B6EWYwin0l-WV3RNWXFHWGRYNlE/edit?usp=sharing
datasets-punishment-england-wales-old-bailey,openoffice,https://docs.google.com/file/d/0B6EWYwin0l-WR0tZdFQ2aktfd00/edit?usp=sharing
datasets-punishment-england-wales-long-run,openoffice,https://docs.google.com/file/d/0B6EWYwin0l-WeEdLMHN4SmtRS3c/edit?usp=sharing
datasets-punishment-australia,openoffice,https://docs.google.com/file/d/0B6EWYwin0l-Wd0c3azhxTEJoWDQ/edit?usp=sharing
datasets-prisoners-world-2003-2010,openoffice,https://docs.google.com/file/d/0B6EWYwin0l-WY1JaRndzazJITWM/edit?usp=sharing
datasets-prisoners-us-state-sex-panel,openoffice,https://docs.google.com/file/d/0B6EWYwin0l-WaC1OUEZKd2dYUHc/edit?usp=sharing
datasets-prisoners-us-population-deaths-1820-43,openoffice,https://docs.google.com/file/d/0B6EWYwin0l-WMm45Zl9ieWRBRlk/edit?usp=sharing
datasets-prisoners-us-offenses-1970-1997,openoffice,https://docs.google.com/file/d/0B6EWYwin0l-WUjgwNW5iT0MyYU0/edit?usp=sharing
datasets-prisoners-us-media-use,openoffice,https://docs.google.com/file/d/0B6EWYwin0l-WcG9lWGxuTXdIcDQ/edit?usp=sharing
datasets-prisoners-us-long-run-summary,openoffice,https://docs.google.com/file/d/0B6EWYwin0l-WVVhKTm92SmlzcG8/edit?usp=sharing
datasets-prisoners-us-judges-2010,openoffice,https://docs.google.com/file/d/0B6EWYwin0l-WT1k5YlF6TmRJSDQ/edit?usp=sharing
datasets-prisoners-us-from-1900,openoffice,https://docs.google.com/file/d/0B6EWYwin0l-WS01OUUFpMDIydWc/edit?usp=sharing
datasets-prisoners-us-fed-state-1940,openoffice,https://docs.google.com/file/d/0B6EWYwin0l-WRUxPb3JJMXg2SDQ/edit?usp=sharing
datasets-prisoners-us-commitments-sex,openoffice,https://docs.google.com/file/d/0B6EWYwin0l-WTGxfTko4dm5VZUE/edit?usp=sharing
datasets-prisoners-us-19th-century,openoffice,https://docs.google.com/file/d/0B6EWYwin0l-WUG9mWFpxX3JwUU0/edit?usp=sharing
datasets-prisoners-spectators,openoffice,https://docs.google.com/file/d/0B6EWYwin0l-WSjgxRnRLbTlRaU0/edit?usp=sharing
datasets-prisoners-scotland-from-1840,openoffice,https://docs.google.com/file/d/0B6EWYwin0l-WbnAxNGhFdXFJLWc/edit?usp=sharing
datasets-prisoners-scotland-1820,openoffice,https://docs.google.com/file/d/0B6EWYwin0l-WU1RMNHBJcWlFNVE/edit?usp=sharing
datasets-prisoners-press,openoffice,https://docs.google.com/file/d/0B6EWYwin0l-WTVlUZVBNYk8xV2M/edit?usp=sharing
datasets-prisoners-interaction,openoffice,https://docs.google.com/file/d/0B6EWYwin0l-WczdQYVM2dFZEdGs/edit?usp=sharing
datasets-prisoners-england-wales-long-run,openoffice,https://docs.google.com/file/d/0B6EWYwin0l-WRGZLX3BmMUljbTA/edit?usp=sharing
datasets-prisoners-england-wales-london-pre-1850,openoffice,https://docs.google.com/file/d/0B6EWYwin0l-WbnFoejJfZlp1TEk/edit?usp=sharing
datasets-prisoners-england-wales-london-1779-1850,openoffice,https://docs.google.com/file/d/0B6EWYwin0l-WTXkzT2FYSjBfdXM/edit?usp=sharing
datasets-prisoners-england-wales-hulks,openoffice,https://docs.google.com/file/d/0B6EWYwin0l-WdHE0QjhjT01BdW8/edit?usp=sharing
datasets-prisoners-england-wales-debtors-pre-1775,openoffice,https://docs.google.com/file/d/0B6EWYwin0l-WbkdZQXNnbHVGQkU/edit?usp=sharing
datasets-prisoners-england-wales-debtors-1800,openoffice,https://docs.google.com/file/d/0B6EWYwin0l-WSERJbFBzVUQwV3M/edit?usp=sharing
datasets-prisoners-england-wales-counties-1780-1850,openoffice,https://docs.google.com/file/d/0B6EWYwin0l-WTGNCTEs0VmxLZWM/edit?usp=sharing
datasets-prisoners-england-wales-commitments-1805-6,openoffice,https://docs.google.com/file/d/0B6EWYwin0l-WMjhsc2FEd1BNTWs/edit?usp=sharing
datasets-prisoners-england-wales-1892,openoffice,https://docs.google.com/file/d/0B6EWYwin0l-WbWFiOU9SbXNYT1E/edit?usp=sharing
datasets-prisoners-england-wales-1864,openoffice,https://docs.google.com/file/d/0B6EWYwin0l-WXzgxV2haaVlpU3c/edit?usp=sharing
datasets-prisoners-england-wales-1850,openoffice,https://docs.google.com/file/d/0B6EWYwin0l-WMlE2U0EweS1DcUU/edit?usp=sharing
datasets-prisoners-england-wales-1840,openoffice,https://docs.google.com/file/d/0B6EWYwin0l-WRHpLODZfclE1VjA/edit?usp=sharing
datasets-prisoners-england-wales-1838,openoffice,https://docs.google.com/file/d/0B6EWYwin0l-WN3ItZG1tVkV6NFU/edit?usp=sharing
datasets-prisoners-england-wales-1836,openoffice,https://docs.google.com/file/d/0B6EWYwin0l-WcEpqWkpIYXl0UkU/edit?usp=sharing
datasets-prisoners-england-wales-1830,openoffice,https://docs.google.com/file/d/0B6EWYwin0l-WVnlDd0dvTjQxSHc/edit?usp=sharing
datasets-prisoners-england-wales-1823,openoffice,https://docs.google.com/file/d/0B6EWYwin0l-WTk1XRmRSbzZadkE/edit?usp=sharing
datasets-prisoners-england-wales-1820,openoffice,https://docs.google.com/file/d/0B6EWYwin0l-WNFZ5dmRVbTRua1U/edit?usp=sharing
datasets-prisoners-england-wales-1810,openoffice,https://docs.google.com/file/d/0B6EWYwin0l-WN2RtZDRaTjFiVkE/edit?usp=sharing
datasets-prisoners-england-wales-1800,openoffice,https://docs.google.com/file/d/0B6EWYwin0l-WekpZS1VHbmYwd2M/edit?usp=sharing
datasets-prisoners-england-wales-1780,openoffice,https://docs.google.com/file/d/0B6EWYwin0l-WT1BSSFJGTnN0MmM/edit?usp=sharing
datasets-prisoners-australia,openoffice,https://docs.google.com/file/d/0B6EWYwin0l-WMUJ3aWNwMXQwRzQ/edit?usp=sharing
datasets-prisoner-communication-mid-19th-century,openoffice,https://docs.google.com/file/d/0B6EWYwin0l-WV3VHWm9ZbGZydG8/edit?usp=sharing
datasets-prisoner-communication-late-20th-century,openoffice,https://docs.google.com/file/d/0B6EWYwin0l-WWHBTdGZXaDBtRTQ/edit?usp=sharing
datasets-prisoner-communication-early-20th-century,openoffice,https://docs.google.com/file/d/0B6EWYwin0l-WemlHV2RsZU5wd28/edit?usp=sharing
datasets-population-us,openoffice,https://docs.google.com/file/d/0B6EWYwin0l-WREVSOEJlUkNmRm8/edit?usp=sharing
datasets-population-england-wales,openoffice,https://docs.google.com/file/d/0B6EWYwin0l-WUG9rODViZWxzbWM/edit?usp=sharing
datasets-population-australia,openoffice,https://docs.google.com/file/d/0B6EWYwin0l-WaXQta3N5YXZMVjA/edit?usp=sharing
datasets-parole-prisoners-communication,openoffice,https://docs.google.com/file/d/0B6EWYwin0l-WZzNmam4xSVlma28/edit?usp=sharing
datasets-military-service-uk,openoffice,https://docs.google.com/file/d/0B6EWYwin0l-Wa1ZmcFQ0SE5uRTg/edit?usp=sharing
datasets-manifest-admin,openoffice,https://docs.google.com/file/d/0B6EWYwin0l-WMUpSQ3ROZW5aZWs/edit?usp=sharing
datasets-libraries-public-books-before-1940,openoffice,https://docs.google.com/file/d/0B6EWYwin0l-Wa2liamhZMzRxSkU/edit?usp=sharing
datasets-libraries-prisons-books-before-1900,openoffice,https://docs.google.com/file/d/0B6EWYwin0l-Wb1dtNU1wd2ZWbGc/edit?usp=sharing
datasets-libraries-prisons-books-ala-1933,openoffice,https://docs.google.com/file/d/0B6EWYwin0l-WeUp0bnFpSzFLMkE/edit?usp=sharing
datasets-libraries-prisons-before-1940,openoffice,https://docs.google.com/file/d/0B6EWYwin0l-WV0xwa1JCdXJPRWs/edit?usp=sharing
datasets-libraries-prisons-after-1980,openoffice,https://docs.google.com/file/d/0B6EWYwin0l-WbXp1QW0tY0MySHc/edit?usp=sharing
datasets-libraries-prisons-1940-1980,openoffice,https://docs.google.com/file/d/0B6EWYwin0l-WV3BIS1B0WWJOSlE/edit?usp=sharing
datasets-howard-prison-visits,openoffice,https://docs.google.com/file/d/0B6EWYwin0l-WVWkzbHZYMi1vbDQ/edit?usp=sharing
datasets-frankenstein-feelings-comparison,openoffice,https://docs.google.com/file/d/0B6EWYwin0l-WdDR0eFJOb0pEMnc/edit?usp=sharing
datasets-feature-film-characteristics,openoffice,https://docs.google.com/file/d/0B6EWYwin0l-WTmN2Yl9vVUZ1eHc/edit?usp=sharing
datasets-executions-us,openoffice,https://docs.google.com/file/d/0B6EWYwin0l-WN1VOWGUyUEhkM0U/edit?usp=sharing
datasets-executions-scotland-from-1800,openoffice,https://docs.google.com/file/d/0B6EWYwin0l-WRTJvdkEtU1E0dkE/edit?usp=sharing
datasets-executions-lynching-us,openoffice,https://docs.google.com/file/d/0B6EWYwin0l-WdGZEa3Nna0dFNGs/edit?usp=sharing
datasets-executions-england-wales-london-pre-1840,openoffice,https://docs.google.com/file/d/0B6EWYwin0l-WbjlrejNlM0JKZm8/edit?usp=sharing
datasets-executions-england-wales-from-1800,openoffice,https://docs.google.com/file/d/0B6EWYwin0l-WQ0hSaGoyTE5fWUk/edit?usp=sharing
datasets-executions-england-wales-before-1800,openoffice,https://docs.google.com/file/d/0B6EWYwin0l-WbkJWeE5mS0xncDA/edit?usp=sharing
datasets-executions-australia,openoffice,https://docs.google.com/file/d/0B6EWYwin0l-WSTNMVTFYdVZIR28/edit?usp=sharing
datasets-electoral-franchise,openoffice,https://docs.google.com/file/d/0B6EWYwin0l-Wck5DQnF4UEZpSkU/edit?usp=sharing
datasets-eastern-state-prisoner-population,openoffice,https://docs.google.com/file/d/0B6EWYwin0l-WQWVQeTk5UEFwa3c/edit?usp=sharing
datasets-eastern-state-penitentiary-costs,openoffice,https://docs.google.com/file/d/0B6EWYwin0l-WdWpkbDBScGhMNHc/edit?usp=sharing
datasets-eastern-state-official-visitors,openoffice,https://docs.google.com/file/d/0B6EWYwin0l-WZWJwbHNrWDExVnc/edit?usp=sharing
datasets-dvcd-rationalizing-stereotyping,openoffice,https://docs.google.com/file/d/0B6EWYwin0l-WblpNbFMtcWg3RFU/edit?usp=sharing
datasets-dvcd-dv-claims-dataset,openoffice,https://docs.google.com/file/d/0B6EWYwin0l-WYWlKR0dOc2lObWM/edit?usp=sharing
datasets-crosswalk-world-countries,openoffice,https://docs.google.com/file/d/0B6EWYwin0l-WVm53T2MtN1JpZEk/edit?usp=sharing
datasets-criminal-justice-world-sex-change,openoffice,https://docs.google.com/file/d/0B6EWYwin0l-WUlo3UEhLTmdhbXc/edit?usp=sharing
datasets-criminal-justice-world-cts9,openoffice,https://docs.google.com/file/d/0B6EWYwin0l-WMzFVV01qY1FsRkk/edit?usp=sharing
datasets-criminal-justice-world-cts2-stats,openoffice,https://docs.google.com/file/d/0B6EWYwin0l-WWk9SSkFKN3dBdXM/edit?usp=sharing
datasets-criminal-justice-world-cts2-dataset,openoffice,https://docs.google.com/file/d/0B6EWYwin0l-WZWwwMzc2WkcxcVk/edit?usp=sharing
datasets-criminal-justice-world-cts10,openoffice,https://docs.google.com/file/d/0B6EWYwin0l-WWUVBSDNHVkVVS00/edit?usp=sharing
datasets-criminal-justice-us-federal,openoffice,https://docs.google.com/file/d/0B6EWYwin0l-WTmhORWtKRW9XRTQ/edit?usp=sharing
datasets-criminal-justice-us-c2005,openoffice,https://docs.google.com/file/d/0B6EWYwin0l-WNnRVLThETzRidEE/edit?usp=sharing
datasets-criminal-justice-dv-process,openoffice,https://docs.google.com/file/d/0B6EWYwin0l-WQ1NIVmRIT1g5b2c/edit?usp=sharing
datasets-criminal-justice-dv-gender,openoffice,https://docs.google.com/file/d/0B6EWYwin0l-WQng5TlNTN0ljU3c/edit?usp=sharing
datasets-counties-england-wales,openoffice,https://docs.google.com/file/d/0B6EWYwin0l-WNXZxeEJuSFBmR2s/edit?usp=sharing
datasets-athens-competition-plays,openoffice,https://docs.google.com/file/d/0B6EWYwin0l-WQnI2eE1MS0xtNDQ/edit?usp=sharing
datasets-athens-competition-plays,excel (local),http://acrosswalls.org/wp-content/uploads/data/excel/athens-competition-plays.xlsx
datasets-counties-england-wales,excel (local),http://acrosswalls.org/wp-content/uploads/data/excel/counties-england-wales.xlsx
datasets-criminal-justice-dv-gender,excel (local),http://acrosswalls.org/wp-content/uploads/data/excel/criminal-justice-dv-gender.xlsx
datasets-criminal-justice-dv-process,excel (local),http://acrosswalls.org/wp-content/uploads/data/excel/criminal-justice-dv-process.xlsx
datasets-criminal-justice-us-c2005,excel (local),http://acrosswalls.org/wp-content/uploads/data/excel/criminal-justice-us-c2005.xlsx
datasets-criminal-justice-us-federal,excel (local),http://acrosswalls.org/wp-content/uploads/data/excel/criminal-justice-us-federal.xlsx
datasets-criminal-justice-world-cts10,excel (local),http://acrosswalls.org/wp-content/uploads/data/excel/criminal-justice-world-cts10.xlsx
datasets-criminal-justice-world-cts2-dataset,excel (local),http://acrosswalls.org/wp-content/uploads/data/excel/criminal-justice-world-cts2-dataset.xlsx
datasets-criminal-justice-world-cts2-stats,excel (local),http://acrosswalls.org/wp-content/uploads/data/excel/criminal-justice-world-cts2-stats.xlsx
datasets-criminal-justice-world-cts9,excel (local),http://acrosswalls.org/wp-content/uploads/data/excel/criminal-justice-world-cts9.xlsx
datasets-criminal-justice-world-sex-change,excel (local),http://acrosswalls.org/wp-content/uploads/data/excel/criminal-justice-world-sex-change.xlsx
datasets-crosswalk-world-countries,excel (local),http://acrosswalls.org/wp-content/uploads/data/excel/crosswalk-world-countries.xlsx
datasets-dvcd-dv-claims-dataset,excel (local),http://acrosswalls.org/wp-content/uploads/data/excel/dvcd-dv-claims-dataset.xlsx
datasets-dvcd-rationalizing-stereotyping,excel (local),http://acrosswalls.org/wp-content/uploads/data/excel/dvcd-rationalizing-stereotyping.xlsx
datasets-eastern-state-official-visitors,excel (local),http://acrosswalls.org/wp-content/uploads/data/excel/eastern-state-official-visitors.xlsx
datasets-eastern-state-penitentiary-costs,excel (local),http://acrosswalls.org/wp-content/uploads/data/excel/eastern-state-penitentiary-costs.xlsx
datasets-eastern-state-prisoner-population,excel (local),http://acrosswalls.org/wp-content/uploads/data/excel/eastern-state-prisoner-population.xlsx
datasets-electoral-franchise,excel (local),http://acrosswalls.org/wp-content/uploads/data/excel/electoral-franchise.xlsx
datasets-executions-australia,excel (local),http://acrosswalls.org/wp-content/uploads/data/excel/executions-australia.xlsx
datasets-executions-england-wales-before-1800,excel (local),http://acrosswalls.org/wp-content/uploads/data/excel/executions-england-wales-before-1800.xlsx
datasets-executions-england-wales-from-1800,excel (local),http://acrosswalls.org/wp-content/uploads/data/excel/executions-england-wales-from-1800.xlsx
datasets-executions-england-wales-london-pre-1840,excel (local),http://acrosswalls.org/wp-content/uploads/data/excel/executions-england-wales-london-pre-1840.xlsx
datasets-executions-lynching-us,excel (local),http://acrosswalls.org/wp-content/uploads/data/excel/executions-lynching-us.xlsx
datasets-executions-scotland-from-1800,excel (local),http://acrosswalls.org/wp-content/uploads/data/excel/executions-scotland-from-1800.xlsx
datasets-executions-us,excel (local),http://acrosswalls.org/wp-content/uploads/data/excel/executions-us.xlsx
datasets-feature-film-characteristics,excel (local),http://acrosswalls.org/wp-content/uploads/data/excel/feature-film-characteristics.xlsx
datasets-frankenstein-feelings-comparison,excel (local),http://acrosswalls.org/wp-content/uploads/data/excel/frankenstein-feelings-comparison.xlsx
datasets-howard-prison-visits,excel (local),http://acrosswalls.org/wp-content/uploads/data/excel/howard-prison-visits.xlsx
datasets-libraries-prisons-1940-1980,excel (local),http://acrosswalls.org/wp-content/uploads/data/excel/libraries-prisons-1940-1980.xlsx
datasets-libraries-prisons-after-1980,excel (local),http://acrosswalls.org/wp-content/uploads/data/excel/libraries-prisons-after-1980.xlsx
datasets-libraries-prisons-before-1940,excel (local),http://acrosswalls.org/wp-content/uploads/data/excel/libraries-prisons-before-1940.xlsx
datasets-libraries-prisons-books-ala-1933,excel (local),http://acrosswalls.org/wp-content/uploads/data/excel/libraries-prisons-books-ala-1933.xlsx
datasets-libraries-prisons-books-before-1900,excel (local),http://acrosswalls.org/wp-content/uploads/data/excel/libraries-prisons-books-before-1900.xlsx
datasets-libraries-public-books-before-1940,excel (local),http://acrosswalls.org/wp-content/uploads/data/excel/libraries-public-books-before-1940.xlsx
datasets-manifest-admin,excel (local),http://acrosswalls.org/wp-content/uploads/data/excel/manifest-admin.xlsx
datasets-military-service-uk,excel (local),http://acrosswalls.org/wp-content/uploads/data/excel/military-service-uk.xlsx
datasets-parole-prisoners-communication,excel (local),http://acrosswalls.org/wp-content/uploads/data/excel/parole-prisoners-communication.xlsx
datasets-population-australia,excel (local),http://acrosswalls.org/wp-content/uploads/data/excel/population-australia.xlsx
datasets-population-england-wales,excel (local),http://acrosswalls.org/wp-content/uploads/data/excel/population-england-wales.xlsx
datasets-population-us,excel (local),http://acrosswalls.org/wp-content/uploads/data/excel/population-us.xlsx
datasets-prisoner-communication-early-20th-century,excel (local),http://acrosswalls.org/wp-content/uploads/data/excel/prisoner-communication-early-20th-century.xlsx
datasets-prisoner-communication-late-20th-century,excel (local),http://acrosswalls.org/wp-content/uploads/data/excel/prisoner-communication-late-20th-century.xlsx
datasets-prisoner-communication-mid-19th-century,excel (local),http://acrosswalls.org/wp-content/uploads/data/excel/prisoner-communication-mid-19th-century.xlsx
datasets-prisoners-australia,excel (local),http://acrosswalls.org/wp-content/uploads/data/excel/prisoners-australia.xlsx
datasets-prisoners-england-wales-1780,excel (local),http://acrosswalls.org/wp-content/uploads/data/excel/prisoners-england-wales-1780.xlsx
datasets-prisoners-england-wales-1800,excel (local),http://acrosswalls.org/wp-content/uploads/data/excel/prisoners-england-wales-1800.xlsx
datasets-prisoners-england-wales-1810,excel (local),http://acrosswalls.org/wp-content/uploads/data/excel/prisoners-england-wales-1810.xlsx
datasets-prisoners-england-wales-1820,excel (local),http://acrosswalls.org/wp-content/uploads/data/excel/prisoners-england-wales-1820.xlsx
datasets-prisoners-england-wales-1823,excel (local),http://acrosswalls.org/wp-content/uploads/data/excel/prisoners-england-wales-1823.xlsx
datasets-prisoners-england-wales-1830,excel (local),http://acrosswalls.org/wp-content/uploads/data/excel/prisoners-england-wales-1830.xlsx
datasets-prisoners-england-wales-1836,excel (local),http://acrosswalls.org/wp-content/uploads/data/excel/prisoners-england-wales-1836.xlsx
datasets-prisoners-england-wales-1838,excel (local),http://acrosswalls.org/wp-content/uploads/data/excel/prisoners-england-wales-1838.xlsx
datasets-prisoners-england-wales-1840,excel (local),http://acrosswalls.org/wp-content/uploads/data/excel/prisoners-england-wales-1840.xlsx
datasets-prisoners-england-wales-1850,excel (local),http://acrosswalls.org/wp-content/uploads/data/excel/prisoners-england-wales-1850.xlsx
datasets-prisoners-england-wales-1864,excel (local),http://acrosswalls.org/wp-content/uploads/data/excel/prisoners-england-wales-1864.xlsx
datasets-prisoners-england-wales-1892,excel (local),http://acrosswalls.org/wp-content/uploads/data/excel/prisoners-england-wales-1892.xlsx
datasets-prisoners-england-wales-commitments-1805-6,excel (local),http://acrosswalls.org/wp-content/uploads/data/excel/prisoners-england-wales-commitments-1805-6.xlsx
datasets-prisoners-england-wales-counties-1780-1850,excel (local),http://acrosswalls.org/wp-content/uploads/data/excel/prisoners-england-wales-counties-1780-1850.xlsx
datasets-prisoners-england-wales-debtors-1800,excel (local),http://acrosswalls.org/wp-content/uploads/data/excel/prisoners-england-wales-debtors-1800.xlsx
datasets-prisoners-england-wales-debtors-pre-1775,excel (local),http://acrosswalls.org/wp-content/uploads/data/excel/prisoners-england-wales-debtors-pre-1775.xlsx
datasets-prisoners-england-wales-hulks,excel (local),http://acrosswalls.org/wp-content/uploads/data/excel/prisoners-england-wales-hulks.xlsx
datasets-prisoners-england-wales-london-1779-1850,excel (local),http://acrosswalls.org/wp-content/uploads/data/excel/prisoners-england-wales-london-1779-1850.xlsx
datasets-prisoners-england-wales-london-pre-1850,excel (local),http://acrosswalls.org/wp-content/uploads/data/excel/prisoners-england-wales-london-pre-1850.xlsx
datasets-prisoners-england-wales-long-run,excel (local),http://acrosswalls.org/wp-content/uploads/data/excel/prisoners-england-wales-long-run.xlsx
datasets-prisoners-interaction,excel (local),http://acrosswalls.org/wp-content/uploads/data/excel/prisoners-interaction.xlsx
datasets-prisoners-press,excel (local),http://acrosswalls.org/wp-content/uploads/data/excel/prisoners-press.xlsx
datasets-prisoners-scotland-1820,excel (local),http://acrosswalls.org/wp-content/uploads/data/excel/prisoners-scotland-1820.xlsx
datasets-prisoners-scotland-from-1840,excel (local),http://acrosswalls.org/wp-content/uploads/data/excel/prisoners-scotland-from-1840.xlsx
datasets-prisoners-spectators,excel (local),http://acrosswalls.org/wp-content/uploads/data/excel/prisoners-spectators.xlsx
datasets-prisoners-us-19th-century,excel (local),http://acrosswalls.org/wp-content/uploads/data/excel/prisoners-us-19th-century.xlsx
datasets-prisoners-us-commitments-sex,excel (local),http://acrosswalls.org/wp-content/uploads/data/excel/prisoners-us-commitments-sex.xlsx
datasets-prisoners-us-from-1900,excel (local),http://acrosswalls.org/wp-content/uploads/data/excel/prisoners-us-from-1900.xlsx
datasets-prisoners-us-judges-2010,excel (local),http://acrosswalls.org/wp-content/uploads/data/excel/prisoners-us-judges-2010.xlsx
datasets-prisoners-us-long-run-summary,excel (local),http://acrosswalls.org/wp-content/uploads/data/excel/prisoners-us-long-run-summary.xlsx
datasets-prisoners-us-media-use,excel (local),http://acrosswalls.org/wp-content/uploads/data/excel/prisoners-us-media-use.xlsx
datasets-prisoners-us-offenses-1970-1997,excel (local),http://acrosswalls.org/wp-content/uploads/data/excel/prisoners-us-offenses-1970-1997.xlsx
datasets-prisoners-us-population-deaths-1820-43,excel (local),http://acrosswalls.org/wp-content/uploads/data/excel/prisoners-us-population-deaths-1820-43.xlsx
datasets-prisoners-us-state-sex-panel,excel (local),http://acrosswalls.org/wp-content/uploads/data/excel/prisoners-us-state-sex-panel.xlsx
datasets-prisoners-world-2003-2010,excel (local),http://acrosswalls.org/wp-content/uploads/data/excel/prisoners-world-2003-2010.xlsx
datasets-punishment-england-wales-long-run,excel (local),http://acrosswalls.org/wp-content/uploads/data/excel/punishment-england-wales-long-run.xlsx
datasets-punishment-england-wales-old-bailey,excel (local),http://acrosswalls.org/wp-content/uploads/data/excel/punishment-england-wales-old-bailey.xlsx
datasets-punishment-executions-statements-meals,excel (local),http://acrosswalls.org/wp-content/uploads/data/excel/punishment-executions-statements-meals.xlsx
datasets-punishment-australia,excel (local),http://acrosswalls.org/wp-content/uploads/data/excel/punishment-australia.xlsx
datasets-punishment-reckless-sex,excel (local),http://acrosswalls.org/wp-content/uploads/data/excel/punishment-reckless-sex.xlsx
datasets-punishment-scotland-long-run,excel (local),http://acrosswalls.org/wp-content/uploads/data/excel/punishment-scotland-long-run.xlsx
datasets-punishment-sex-reform,excel (local),http://acrosswalls.org/wp-content/uploads/data/excel/punishment-sex-reform.xlsx
datasets-punishment-us,excel (local),http://acrosswalls.org/wp-content/uploads/data/excel/punishment-us.xlsx
datasets-punishment-us-dv-ak,excel (local),http://acrosswalls.org/wp-content/uploads/data/excel/punishment-us-dv-ak.xlsx
datasets-punishment-us-dv-arrests,excel (local),http://acrosswalls.org/wp-content/uploads/data/excel/punishment-us-dv-arrests.xlsx
datasets-punishment-us-dv-basile-study,excel (local),http://acrosswalls.org/wp-content/uploads/data/excel/punishment-us-dv-basile-study.xlsx
datasets-punishment-us-dv-ca,excel (local),http://acrosswalls.org/wp-content/uploads/data/excel/punishment-us-dv-ca.xlsx
datasets-punishment-us-dv-ct,excel (local),http://acrosswalls.org/wp-content/uploads/data/excel/punishment-us-dv-ct.xlsx
datasets-punishment-us-dv-dual-arrests,excel (local),http://acrosswalls.org/wp-content/uploads/data/excel/punishment-us-dv-dual-arrests.xlsx
datasets-punishment-us-dv-legislation,excel (local),http://acrosswalls.org/wp-content/uploads/data/excel/punishment-us-dv-legislation.xlsx
datasets-punishment-us-dv-ncsc,excel (local),http://acrosswalls.org/wp-content/uploads/data/excel/punishment-us-dv-ncsc.xlsx
datasets-punishment-us-dv-nj,excel (local),http://acrosswalls.org/wp-content/uploads/data/excel/punishment-us-dv-nj.xlsx
datasets-punishment-us-dv-ny,excel (local),http://acrosswalls.org/wp-content/uploads/data/excel/punishment-us-dv-ny.xlsx
datasets-punishment-us-dv-policy-trend,excel (local),http://acrosswalls.org/wp-content/uploads/data/excel/punishment-us-dv-policy-trend.xlsx
datasets-punishment-us-dv-ri,excel (local),http://acrosswalls.org/wp-content/uploads/data/excel/punishment-us-dv-ri.xlsx
datasets-punishment-us-dv-states,excel (local),http://acrosswalls.org/wp-content/uploads/data/excel/punishment-us-dv-states.xlsx
datasets-punishment-us-dv-synth,excel (local),http://acrosswalls.org/wp-content/uploads/data/excel/punishment-us-dv-synth.xlsx
datasets-punishment-us-dv-tn,excel (local),http://acrosswalls.org/wp-content/uploads/data/excel/punishment-us-dv-tn.xlsx
datasets-punishment-us-restraining-inmates,excel (local),http://acrosswalls.org/wp-content/uploads/data/excel/punishment-us-restraining-inmates.xlsx
datasets-state-prisons-cells-prisoners-1868-1873,excel (local),http://acrosswalls.org/wp-content/uploads/data/excel/state-prisons-cells-prisoners-1868-1873.xlsx
datasets-transported-england-wales-america,excel (local),http://acrosswalls.org/wp-content/uploads/data/excel/transported-england-wales-america.xlsx
datasets-transported-uk-australia,excel (local),http://acrosswalls.org/wp-content/uploads/data/excel/transported-uk-australia.xlsx
datasets-prisoners-us-fed-state-1940,excel (local),http://acrosswalls.org/wp-content/uploads/data/excel/prisoners-us-fed-state-1940.xlsx
datasets-victims-agencies-dv,excel (local),http://acrosswalls.org/wp-content/uploads/data/excel/victims-agencies-dv.xlsx
datasets-victims-criminalization,excel (local),http://acrosswalls.org/wp-content/uploads/data/excel/victims-criminalization.xlsx
datasets-victims-dv-homicide-suicide,excel (local),http://acrosswalls.org/wp-content/uploads/data/excel/victims-dv-homicide-suicide.xlsx
datasets-victims-dv-ncvs,excel (local),http://acrosswalls.org/wp-content/uploads/data/excel/victims-dv-ncvs.xlsx
datasets-victims-fatalities,excel (local),http://acrosswalls.org/wp-content/uploads/data/excel/victims-fatalities.xlsx
datasets-victims-injuries-causes,excel (local),http://acrosswalls.org/wp-content/uploads/data/excel/victims-injuries-causes.xlsx
datasets-victims-injuries-dv,excel (local),http://acrosswalls.org/wp-content/uploads/data/excel/victims-injuries-dv.xlsx
datasets-victims-injuries-nhamcs,excel (local),http://acrosswalls.org/wp-content/uploads/data/excel/victims-injuries-nhamcs.xlsx
datasets-17184,zipped archive hosted on Google Drive,https://drive.google.com/file/d/0B6EWYwin0l-WQzRlNk94Ul81V0U/view?usp=sharing
datasets-17184,zipped archive hosted Internet Archive,https://archive.org/details/cwpc-site-archive
datasets-18661,Comma-separated-value text file hosted locally,http://acrosswalls.org/wp-content/uploads/data/manifest.csv
datasets-18661,Comma-separated-value text file hosted on Google Drive,https://docs.google.com/spreadsheets/d/1s7Pvc02C_VnnwcQgtq9GZon7d6ALyKMZQhDzSjCB9Mc/edit?usp=sharing
datasets-21319,zipped archive hosted on Google Drive,https://drive.google.com/file/d/0B6EWYwin0l-WR0N2NlhsbWNVc1k/view?usp=sharing
datasets-21319,zipped archive hosted Internet Archive,https://archive.org/details/suicides-occupational-mortality
datasets-21305,zipped archive hosted on Google Drive,https://drive.google.com/file/d/0B6EWYwin0l-WUTFYR3lpTDRJZVk/view?usp=sharing
datasets-21305,zipped archive hosted Internet Archive,https://archive.org/details/inmates-prison
datasets-21315,zipped archive hosted on Google Drive,https://drive.google.com/file/d/0B6EWYwin0l-WcGp3eXgzLWtmLUE/view?usp=sharing
datasets-21315,zipped archive hosted Internet Archive,https://archive.org/details/inmates-jail
datasets-21295,zipped archive hosted on Google Drive,https://drive.google.com/file/d/0B6EWYwin0l-WQWFIM0VySXk0c0k/view?usp=sharing
datasets-21295,zipped archive hosted Internet Archive,https://archive.org/details/criminal-victimization
